0.10099267959594727,3.000747443125306,0.0,-4.58242279989946,3.7567851192384256,-3.0,3.000747443125306,0.0,1.3462732756601414,3.264658247260325
0.10099267959594727,3.000747443125306,0.0,-0.6667192308536909,2.2655292991527887,3.0,3.000747443125306,0.0,-0.9124649078530997,2.615355113588213
0.10099267959594727,-3.0036005809790822,0.0,-3.6852481728494824,-4.403962216509194,3.0,-3.0036005809790822,0.0,-3.2309391258477285,-4.55743172000218
0.10099267959594727,-0.03437653495163369,-0.2001448949518221,1.157595029995258,-2.798808633071156,3.0,-0.03929042220231275,0.10283314383601969,1.4616059483246047,-3.2355523361040013
0.10099267959594727,3.000747443125306,0.0,-1.6455984908143315,3.6844191994427136,3.0,3.000747443125306,0.0,-2.042094918249488,4.158846172471997
0.10099267959594727,-3.0043534718292904,0.0,-2.6133277043538468,-4.064311417825738,-3.0,-3.0043534718292904,0.0,-2.218182830771728,-3.7366242599942026
0.10099267959594727,3.000747443125306,0.0,-2.6305197156773876,4.625840486201121,-3.0,3.000747443125306,0.0,-3.106308250770866,4.758767136032923
0.10099267959594727,3.000747443125306,0.0,0.8569663980482409,2.5336114839030612,3.0,3.000747443125306,0.0,0.6185595958500065,2.2022133614094868
0.10099267959594727,-3.0036005809790822,0.0,0.05069654988520744,-1.0963305514447417,3.0,-3.0036005809790822,0.0,0.16361289331759954,-1.1490565431930428
0.10099267959594727,1.244788511967272,1.2119121551513672,-0.09559587284276594,0.6268454801728142,3.0,1.3824820499488624,1.514890193939209,-0.16945247309263012,0.8415622290673043
0.10099267959594727,3.000747443125306,0.0,-2.178677419669221,4.2947253070461135,3.0,3.000747443125306,0.0,-2.6305197156773876,4.625840486201121
0.10099267959594727,-3.0036005809790822,0.0,-0.6992180766160669,-1.8685095004486265,-0.11661962822701355,-3.0036005809790822,0.0,-0.5254154739172141,-1.5851117633792926
0.10099267959594727,-3.0036005809790822,0.0,-0.7746119991171683,-1.9970754874124457,3.0,-3.0036005809790822,0.0,-0.5892148200094902,-1.6863013972876344
0.10099267959594727,-3.0036005809790822,0.0,-3.6852481728494824,-4.403962216509194,-3.0,-3.0036005809790822,0.0,-3.2309391258477285,-4.55743172000218
0.10099267959594727,-3.0036005809790822,0.0,-0.016979808157377985,-1.0912190510850504,3.0,-3.0036005809790822,0.0,0.09371972326799183,-1.1101313146163143
0.10099267959594727,-3.0036005809790822,0.0,0.16361289331759954,-1.1490565431930428,3.0,-3.0036005809790822,0.0,0.2847016438283396,-1.2586502810983757
0.10099267959594727,-3.0036005809790822,0.0,-1.810508672556257,-3.650842097627199,-3.0,-3.0036005809790822,0.0,-1.4665479082760204,-3.158909385759146
0.10099267959594727,-2.4423384495397613,-4.544670581817627,-3.04203892493848,-4.382603995120442,-3.0,-2.9166161914763507,-4.847648620605469,-2.6128460375931,-4.086681900491885
0.10099267959594727,-3.0043534718292904,0.0,-0.7006950589286043,0.7397347429053633,3.0,-3.0043534718292904,0.0,-0.7920496137003057,1.0749382806784622
0.10099267959594727,3.000747443125306,0.0,-0.9990241443212811,2.7447099800740484,3.0,3.000747443125306,0.0,-1.2984020628310966,3.1941452976838756
0.10099267959594727,3.000747443125306,0.0,-2.6305197156773876,4.625840486201121,3.0,3.000747443125306,0.0,-3.106308250770866,4.758767136032923
0.10099267959594727,-3.0036005809790822,0.0,-2.1696279320041314,-4.065592708941297,3.0,-3.0036005809790822,0.0,-1.7812880825513404,-3.612351710368561
0.10099267959594727,-3.0036005809790822,0.0,-0.2950532825898784,-1.2701608760344403,3.0,-3.0036005809790822,0.0,-0.17304519915825134,-1.1558032038733779
0.10099267959594727,-3.0036005809790822,0.0,-0.016979808157377985,-1.0912190510850504,3.0,-3.0036005809790822,0.0,0.09371972326799183,-1.1101313146163143
0.10099267959594727,0.4033280020797747,-0.9089341163635254,-0.6930230732568554,-2.332343584685595,-3.0,0.29623302809409324,-1.2119121551513672,-0.4656709187857513,-2.1888178401948744
0.10099172592163086,1.0491802010985198,0.6418267871216885,0.013778854135467977,0.14090914798896398,-3.0,1.0987007261684412,0.3388487483338467,0.00745640291756855,-0.015183106328538722
0.10099267959594727,-1.2030966077054472,-3.6357364654541016,-4.359056062787467,-3.994134674935463,-3.0,-1.5855786576543096,-3.9387145042419434,-3.9373138697122223,-4.330331497952119
0.10099267959594727,3.000747443125306,0.0,0.27863803056868575,1.8467319798221244,-3.0,3.000747443125306,0.0,0.09752432842446934,1.7546030075855603
0.10099267959594727,-0.01508416696544574,-0.18190988492674132,0.8970229595186736,-2.372210857817907,-0.18055774040293215,-0.03437653495163369,-0.2001448949518221,1.157595029995258,-2.798808633071156
0.10099267959594727,3.000747443125306,0.0,1.04016470361544,2.8066826409596946,3.0,3.000747443125306,0.0,0.7770051433649505,2.4181365573329336
0.10099267959594727,3.000747443125306,0.0,-0.7415400193779491,2.368058159583148,3.0,3.000747443125306,0.0,-0.9990241443212811,2.7447099800740484
0.10099267959594727,-0.2994331861564083,0.4302692632094911,1.0016615467593222,-2.2494747639788293,-3.0,-0.27127842231506305,0.1272912244216493,1.254473440028764,-2.7602885533253305
0.10099267959594727,3.000747443125306,0.0,-3.413102491389902,4.721505069290032,-3.0,3.000747443125306,0.0,-3.8796018641972982,4.483248713326376
0.10099267959594727,1.3824820499488624,1.514890193939209,-0.16945247309263012,0.8415622290673043,3.0,1.5507741519263618,1.8178682327270508,-0.2669033668728553,1.0956179989682382
0.10099267959594727,-3.0043534718292904,0.0,0.6235705452236613,-0.2866226353298968,-3.0,-3.0043534718292904,0.0,0.667368246198905,-0.5836108669401722
0.10099267959594727,3.000747443125306,0.0,1.133082936652412,2.946860380230646,3.0,3.000747443125306,0.0,0.8569663980482409,2.5336114839030612
0.10099267959594727,-3.0043534718292904,0.0,-0.9177932214542239,-1.4441661404548343,-3.0,-3.0043534718292904,0.0,-0.7910920971893707,-1.0718252993595694
0.10099267959594727,3.000747443125306,0.0,0.041043542861829874,1.7436353936530495,3.0,3.000747443125306,0.0,-0.13549094235471282,1.7668843242877739
0.10099267959594727,-3.0043534718292904,0.0,-1.55649687249486,2.8116993812828186,3.0,-3.0043534718292904,0.0,-1.8653191042386283,3.3005454919042596
0.10099267959594727,3.0001322370121017,0.0,-0.12645822657480688,0.9781904945610557,3.0,3.0001322370121017,0.0,-0.2292318919964793,1.0654212452647003
0.10099267959594727,3.000747443125306,0.0,-2.3194547750371233,4.418050866837599,3.0,3.000747443125306,0.0,-2.7811029958814424,4.6926972712834285
0.10099267959594727,3.000747443125306,0.0,-0.2514184525847676,1.827676383366658,-3.0,3.000747443125306,0.0,-0.44372151961461137,1.9954862903903483
0.10099267959594727,-1.5855786576543096,-3.9387145042419434,-3.9373138697122223,-4.330331497952119,-3.0,-1.998659271599081,-4.241692543029785,-3.4910243659775717,-4.470815132260991
0.10099267959594727,3.000747443125306,0.0,-1.5291257894249424,3.526059967120475,3.0,3.000747443125306,0.0,-1.9100662951572258,4.013294467279038
0.10099267959594727,3.000747443125306,0.0,-0.3187920005680902,1.877823790164637,3.0,3.000747443125306,0.0,-0.5177865866023788,2.0779406365173294
0.10099267959594727,1.1482212512383625,0.6418267871216885,0.0015085179711209484,0.1334629302347904,-3.0,1.1977417763082838,0.3388487483338467,-0.00436344128126942,-0.01669341291549599
0.10099267959594727,3.000747443125306,0.0,-1.630629446230993,3.6645038649285473,3.0,3.000747443125306,0.0,-2.025190986508005,4.140985713384315
0.10099267959594727,2.239241841834314,2.726802349090576,-0.7492223548800117,2.1752997962735363,3.0,2.5299281997954495,3.029780387878418,-0.9924541818928412,2.649790616387527
0.10099267959594727,1.5939059768676545,0.3388487483338467,-0.09058637466509589,0.1336577538463329,3.0,1.6434265019375758,0.6418267871216885,-0.11411481812490853,0.3341565573734832
0.10099267959594727,-3.0036005809790822,0.0,-0.9949856926473317,-2.378607123250745,-3.0,-3.0036005809790822,0.0,-0.7746119991171683,-1.9970754874124457
0.10099267959594727,3.000747443125306,0.0,-1.0898869292655378,2.881653101351442,3.0,3.000747443125306,0.0,-1.404079609469893,3.348723667535899
0.10099267959594727,1.0152992819979545,0.3029780387878418,0.015209388959758652,0.1315421208175412,3.0,1.061197127991818,0.6059560775756836,-0.005485547645382116,0.2799982054012347
0.10099267959594727,-3.0043534718292904,0.0,-0.7001607220185027,-0.7374475370709378,-3.0,-3.0043534718292904,0.0,-0.6413717643862022,-0.43057821140318875
0.10099267959594727,-3.0043534718292904,0.0,-0.6127126897697956,0.14296704825426157,-3.0,-3.0043534718292904,0.0,-0.6416840361816907,0.4327017428304351
0.10099267959594727,0.6175179500511376,-1.514890193939209,0.25384049824709676,-1.000847426490417,-3.0,0.4492258480736382,-1.8178682327270508,0.36939446561500455,-1.2957012000802541
0.10099267959594727,3.000747443125306,0.0,-0.9124649078530997,2.615355113588213,-3.0,3.000747443125306,0.0,-1.1976516668351782,3.0439440195602105
0.10099267959594727,3.0001322370121017,0.0,-4.585095854322793,3.4545590052747874,3.0,3.0001322370121017,0.0,1.374135276370525,2.961726164948666
0.10099267959594727,-3.0043534718292904,0.0,0.8498521345736854,1.2531460827760057,3.0,-3.0043534718292904,0.0,0.7414173941440789,0.9005026380472495
0.10099267959594727,-3.0036005809790822,0.0,-0.6428052806770599,-1.77406445073435,3.0,-3.0036005809790822,0.0,-0.4774497340913517,-1.5120982570932404
0.10099267959594727,2.7621080083087954,0.5380503757437589,0.63901279038086,1.6503186904269724,-3.0,2.8011478755148134,0.23507233695591712,0.4925518364081536,1.2583428323144186
0.10099267959594727,2.650263061056324,0.5380503757437589,-4.002922388009505,3.9577754311913025,-3.0,2.6893029282623417,0.23507233695591712,-4.385944914492486,3.603436051496021
0.10099267959594727,3.000747443125306,0.0,-1.5291257894249424,3.526059967120475,-3.0,3.000747443125306,0.0,-1.9100662951572258,4.013294467279038
0.10099267959594727,-2.8860176274804417,-4.241692543029785,-2.598145415236177,-4.369850717956342,3.0,-3.0036005809790822,0.0,-2.1696279320041314,-4.065592708941297
0.10099267959594727,-3.0043534718292904,0.0,0.7422219865328521,-0.9034587951994036,-3.0,-3.0043534718292904,0.0,0.8509714430246311,-1.2564344258337266
0.10099267959594727,1.061197127991818,0.6059560775756836,-0.005485547645382116,0.2799982054012347,3.0,1.1376935379815905,0.9089341163635254,-0.041817751458584684,0.4424785909482284
0.10099267959594727,3.000747443125306,0.0,-1.5148013409993877,3.506123386531983,3.0,3.000747443125306,0.0,-1.8937568812425636,3.994418234400685
0.10099267959594727,1.061197127991818,0.6059560775756836,-0.005485547645382116,0.2799982054012347,3.0,1.1376935379815905,0.9089341163635254,-0.041817751458584684,0.4424785909482284
0.10099267959594727,-3.0036005809790822,0.0,-0.12853164745940004,-1.1270626406861404,3.0,-3.0036005809790822,0.0,-0.016979808157377985,-1.0912190510850504
0.10099267959594727,3.0001322370121017,0.0,-1.3478418983979705,2.9187958655584936,3.0,3.0001322370121017,0.0,-1.66738324118097,3.410940934619815
0.10099267959594727,-3.0036005809790822,0.0,0.20911534156706368,-1.1845030352247197,3.0,-3.0036005809790822,0.0,0.3349262599692877,-1.3169769795790807
0.10099267959594727,-3.0043534718292904,0.0,-2.221517556992851,3.740109938683191,3.0,-3.0043534718292904,0.0,-2.6169541633111817,4.066509906063709
0.10099267959594727,1.7496648178997702,2.1208462715148926,-0.3923806340355367,1.3980359237778095,3.0,1.9791540478690877,2.4238243103027344,-0.5511805592482593,1.7566052200666908
0.10099267959594727,0.5563208220593197,-0.3029780387878418,0.483323793478164,-1.006391303175303,-3.0,0.5104229760654562,-0.6059560775756836,0.6040283613030151,-1.3909313519408864
0.10099267959594727,-3.0036005809790822,0.0,1.5397794689072497,-3.2703164505158075,3.0,-3.0036005809790822,0.0,-4.388279516648129,-3.758096577173332
0.10099267959594727,3.000747443125306,0.0,-0.07870968988892502,1.7499571864205932,3.0,3.000747443125306,0.0,-0.2588822169369931,1.8327138928851436
0.10099267959594727,3.0001322370121017,0.0,-0.13563992979531259,0.9841911994974576,3.0,3.0001322370121017,0.0,-0.23925216530432936,1.076080300668558
0.10099267959594727,3.000747443125306,0.0,0.700632942923265,2.3114793449243085,3.0,3.000747443125306,0.0,0.4818138651672714,2.0368693511917306
0.10099267959594727,-3.0036005809790822,0.0,-4.114188083846614,-4.064945473777966,3.0,-3.0036005809790822,0.0,-3.6852481728494824,-4.403962216509194
0.10099267959594727,0.5270213450311085,-0.534994241552164,-0.6441012827359871,-2.1032838492776027,-3.0,0.45769156101040154,-0.8379722803400058,-0.43885130143451656,-1.9785277277278277
0.10099267959594727,-3.0036005809790822,0.0,0.6425352766096348,-1.7735950005055094,3.0,-3.0036005809790822,0.0,0.8378460850016292,-2.106130352633372
0.10099267959594727,-3.0036005809790822,0.0,-1.671687247481517,-3.462295564508076,-3.0,-3.0036005809790822,0.0,-1.346957933941177,-2.970162623825524
0.10099267959594727,3.000747443125306,0.0,-3.733136226134454,4.580950542206416,-3.0,3.000747443125306,0.0,-4.178950894421046,4.2226049029676345
0.10099267959594727,3.000747443125306,0.0,-1.5291257894249424,3.526059967120475,3.0,3.000747443125306,0.0,-1.9100662951572258,4.013294467279038
0.10099267959594727,-1.5855786576543096,-3.9387145042419434,-3.9373138697122223,-4.330331497952119,-3.0,-1.998659271599081,-4.241692543029785,-3.4910243659775717,-4.470815132260991
0.10099267959594727,3.000747443125306,0.0,1.5673173533916223,3.578838062686581,3.0,3.000747443125306,0.0,1.2306356777649863,3.093413454442135
0.10099267959594727,-3.0043534718292904,0.0,0.6669468348890608,0.5814151644139761,3.0,-3.0043534718292904,0.0,0.6233639485912774,0.2845507789633723
0.10099267959594727,-2.9166161914763507,-4.847648620605469,-2.6128460375931,-4.086681900491885,-3.0,-3.0043534718292904,0.0,-2.217552910544834,-3.735964483262946
0.10099267959594727,-0.23924184183431407,-2.726802349090576,0.933339334985892,-2.513234307889271,-3.0,-0.5299281997954495,-3.029780387878418,1.2124370063094978,-3.018716121384629
0.10099267959594727,0.16804751225933667,0.4302692632094911,-2.206800274831235,-4.186309120942464,-3.0,0.19620227610068192,0.1272912244216493,-1.8095214660219807,-3.676467963377455
0.10099267959594727,-0.5058661756586427,-0.5031229337396639,-0.1497700891521636,-1.2356562188527511,3.0,-0.5413786269052314,-0.20014489495182208,-0.03532290235007496,-1.039922805272043
0.10099267959594727,3.000747443125306,0.0,-0.3803064839898398,1.9320630733063204,3.0,3.000747443125306,0.0,-0.5862316394879934,2.1609935273359815
0.10099267959594727,-3.0043534718292904,0.0,-3.8712452567628017,3.918965038840423,3.0,-3.0043534718292904,0.0,-4.248175579540453,3.526751688141285
0.10099267959594727,-3.0036005809790822,0.0,-0.3767421511460154,-1.3701650809155188,3.0,-3.0036005809790822,0.0,-0.2465157714596864,-1.2189849153676517
0.10099267959594727,3.000747443125306,0.0,-4.3131088042509305,4.081137786518505,3.0,3.000747443125306,0.0,-4.701242143886359,3.598798483296623
0.10099267959594727,3.000747443125306,0.0,0.5488512127123832,2.114924582426332,3.0,3.000747443125306,0.0,0.34679029575264186,1.9015887511635774
0.10099267959594727,-3.0043534718292904,0.0,-2.217552910544834,-3.735964483262946,-3.0,-3.0043534718292904,0.0,-1.861821112810413,-3.295564527683952
0.10099267959594727,-3.0043534718292904,0.0,-1.2973647742868413,2.3231147982975555,3.0,-3.0043534718292904,0.0,-1.55649687249486,2.8116993812828186
0.10099267959594727,-3.0036005809790822,0.0,-0.9232319301284737,-2.2542534767954012,-3.0,-3.0036005809790822,0.0,-0.714347606704941,-1.8941521631837186
0.10099267959594727,-3.0036005809790822,0.0,-0.5892148200094902,-1.6863013972876344,3.0,-3.0036005809790822,0.0,-0.43164775361112584,-1.4454066788404365
0.10099267959594727,3.000747443125306,0.0,-1.1852863443939676,3.0254026384727872,-3.0,3.000747443125306,0.0,-1.5148013409993877,3.506123386531983
0.10099267959594727,3.000747443125306,0.0,0.940796495083219,2.657567323279255,3.0,3.000747443125306,0.0,0.691236622964222,2.298682313702631
0.10099267959594727,-3.0043534718292904,0.0,1.1843232591582153,2.0852522344207944,3.0,-3.0043534718292904,0.0,0.9961976109302388,1.6474783848395318
0.10099267959594727,-3.0036005809790822,0.0,-4.388279516648129,-3.758096577173332,-3.0,-3.0036005809790822,0.0,-3.9863614583329583,-4.184744375687047
0.10099267959594727,-0.8512131217524939,-3.3327584266662598,1.5433603714740962,-3.5318158522425023,-3.0,-1.2030966077054472,-3.6357364654541016,-4.359056062787467,-3.994134674935463
0.10099267959594727,3.000747443125306,0.0,-2.042094918249488,4.158846172471997,3.0,3.000747443125306,0.0,-2.482435009044052,4.538365606044381
0.10099267959594727,3.000747443125306,0.0,1.454255228116247,3.420742102660544,3.0,3.000747443125306,0.0,1.133082936652412,2.946860380230646
0.10099267959594727,-3.0036005809790822,0.0,0.575490269341079,-1.6641532409325208,3.0,-3.0036005809790822,0.0,0.7583596606500342,-1.9691438310760137
0.10099267959594727,-3.0036005809790822,0.0,0.01681880560073834,-1.0912057898956413,3.0,-3.0036005809790822,0.0,0.12836492483943074,-1.1269622725567134
0.10099267959594727,3.000747443125306,0.0,1.2432784895158453,3.112272130262367,3.0,3.000747443125306,0.0,0.9516602033111581,2.6737598401063183
0.10099267959594727,3.000747443125306,0.0,-0.0715754922285714,1.748459058837871,3.0,3.000747443125306,0.0,-0.2514184525847676,1.827676383366658
0.10099267959594727,3.000747443125306,0.0,0.5488512127123832,2.114924582426332,3.0,3.000747443125306,0.0,0.34679029575264186,1.9015887511635774
0.10099267959594727,1.990070177427025,0.3388487483338467,-0.5498740075764528,1.1394649699549413,3.0,2.039590702496963,0.6418267871216885,-0.6852411540386929,1.548410976758317
0.10099267959594727,-3.0043534718292904,0.0,-0.7912728583789108,-1.0724134066986872,-3.0,-3.0043534718292904,0.0,-0.7001607220185027,-0.7374475370709378
0.10099267959594727,3.000747443125306,0.0,0.40914050955226733,1.9600382648691983,-3.0,3.000747443125306,0.0,0.2196348371718826,1.8076773746364987
0.10099267959594727,-3.0043534718292904,0.0,0.667368246198905,-0.5836108669401722,-3.0,-3.0043534718292904,0.0,0.7422219865328521,-0.9034587951994036
0.10099267959594727,-3.0043534718292904,0.0,-0.7920496137003057,1.0749382806784622,2.399683107374102,-3.0043534718292904,0.0,-0.9190830451402623,1.4476431473833062
0.10099267959594727,1.841508602217261,0.6418267871216885,-0.2818560981757199,0.6975332420568392,-3.0,1.8910291272871824,0.3388487483338467,-0.35252559281010365,0.7080575040936461
0.10099267959594727,-3.0043534718292904,0.0,-4.5814377328881175,3.053982779866043,3.0,-3.0043534718292904,0.0,1.4182558392728724,2.5603271700688253
0.10099267959594727,3.000747443125306,0.0,1.04016470361544,2.8066826409596946,3.0,3.000747443125306,0.0,0.7770051433649505,2.4181365573329336
0.10099267959594727,3.000747443125306,0.0,-3.2793566734047173,4.749637960200567,-3.0,3.000747443125306,0.0,-3.7517711858335763,4.569666101241007
0.10099267959594727,0.6940143600409101,-0.6059560775756836,0.24358239063705645,-0.6371502927228293,3.0,0.6481165140470466,-0.3029780387878418,0.30709514748624533,-0.6260955356778114
0.10099267959594727,-3.0043534718292904,0.0,1.4186875175000275,2.5611444437926547,3.0,-3.0043534718292904,0.0,1.1843232591582153,2.0852522344207944
0.10099267959594727,-3.0036005809790822,0.0,1.4408058871909364,-3.1189151922776213,3.0,-3.0036005809790822,0.0,-4.502455533676322,-3.6115855456221326
0.10099267959594727,-3.0043534718292904,0.0,-0.9177932214542239,-1.4441661404548343,-3.0,-3.0043534718292904,0.0,-0.7910920971893707,-1.0718252993595694
0.10099267959594727,-3.0036005809790822,0.0,1.346496946361896,-2.9693989142659825,-3.0,-3.0036005809790822,0.0,-4.612032328644888,-3.461516236530116
0.10099267959594727,0.8623064620184095,-0.9089341163635254,0.1010566016511878,-0.5354131782016482,-3.0,0.7552114880327281,-1.2119121551513672,0.16573697615548033,-0.7505520939305812
0.10099267959594727,3.000747443125306,0.0,-0.1929637604266632,1.7927757965686595,3.0,3.000747443125306,0.0,-0.3803064839898398,1.9320630733063204
0.10099267959594727,3.0001322370121017,0.0,-0.3434077665968567,1.204684680236747,3.0,3.0001322370121017,0.0,-0.47447243513685544,1.4007635507316905
0.10099267959594727,3.000747443125306,0.0,-1.2984020628310966,3.1941452976838756,-3.0,3.000747443125306,0.0,-1.6455984908143315,3.6844191994427136
0.10099267959594727,-3.0043534718292904,0.0,-0.6416840361816907,0.4327017428304351,3.0,-3.0043534718292904,0.0,-0.7006950589286043,0.7397347429053633
0.10099267959594727,3.000747443125306,0.0,-4.3131088042509305,4.081137786518505,-3.0,3.000747443125306,0.0,-4.701242143886359,3.598798483296623
0.10099267959594727,-3.0043534718292904,0.0,0.7414173941440789,0.9005026380472495,3.0,-3.0043534718292904,0.0,0.6668488561505428,0.5809037286286637
0.10099267959594727,3.000747443125306,0.0,-2.178677419669221,4.2947253070461135,-3.0,3.000747443125306,0.0,-2.6305197156773876,4.625840486201121
0.10099267959594727,-0.12816292708150062,0.4302692632094912,-4.0636628938776145,-4.195982855579111,3.0,-0.06940959924424508,0.733247301997333,-3.617031255085449,-4.628037785499082
0.10099267959594727,-3.0036005809790822,0.0,-3.5476813263883966,-4.473413845195256,3.0,-3.0036005809790822,0.0,-3.0896420702087473,-4.560274256870975
0.10099267959594727,3.000747443125306,0.0,0.27863803056868575,1.8467319798221244,3.0,3.000747443125306,0.0,0.09752432842446934,1.7546030075855603
0.10099267959594727,-3.0043534718292904,0.0,-1.8647627872973502,3.2997541660615575,3.0,-3.0043534718292904,0.0,-2.220887128822286,3.7394518890019226
0.10099267959594727,3.000747443125306,0.0,-2.7811029958814424,4.6926972712834285,3.0,3.000747443125306,0.0,-3.2600070760040034,4.752187415342889
0.10099267959594727,3.000747443125306,0.0,-1.630629446230993,3.6645038649285473,3.0,3.000747443125306,0.0,-2.025190986508005,4.140985713384315
0.10099267959594727,0.08913296152383611,0.4058111826238615,-2.647744062956996,-4.65272586131947,-3.0,0.11481763826906534,0.10283314383601971,-2.19891413357367,-4.215363445390742
0.10099267959594727,1.2967828264481265,0.3388487483338467,-0.01707121908122966,-0.006236541073328095,3.0,1.3463033515180478,0.6418267871216885,-0.024545169847641102,0.15485889006843573
0.10099267959594727,-3.0043534718292904,0.0,-0.7008197947412556,0.7402679163922425,-3.0,-3.0043534718292904,0.0,-0.7922308623615195,1.0755269008059511
0.10099267959594727,-3.0036005809790822,0.0,-0.4774497340913517,-1.5120982570932404,3.0,-3.0036005809790822,0.0,-0.3351233303663652,-1.3172345102437406
0.10099267959594727,-3.0043534718292904,0.0,0.6668488561505428,0.5809037286286637,3.0,-3.0043534718292904,0.0,0.623316009034069,0.28406812320450153
0.10099267959594727,-3.0036005809790822,0.0,-4.502455533676322,-3.6115855456221326,-3.0,-3.0036005809790822,0.0,-4.114188083846614,-4.064945473777966
0.10099267959594727,3.000747443125306,0.0,-2.7811029958814424,4.6926972712834285,-3.0,3.000747443125306,0.0,-3.2600070760040034,4.752187415342889
0.10099267959594727,-3.0036005809790822,0.0,0.01681880560073834,-1.0912057898956413,3.0,-3.0036005809790822,0.0,0.12836492483943074,-1.1269622725567134
0.10099267959594727,-3.0036005809790822,0.0,-1.1719434393693118,-2.6813607178614123,3.0,-3.0036005809790822,0.0,-0.9232319301284737,-2.2542534767954012
0.10099267959594727,3.000747443125306,0.0,0.691236622964222,2.298682313702631,3.0,3.000747443125306,0.0,0.47352769887853396,2.0276929495117697
0.10099101066589355,1.0,0.0,0.02130700659273943,-0.01028268005813872,3.0,1.0152992819979545,0.3029780387878418,0.015209388959758652,0.1315421208175412
0.10099267959594727,1.7496648178997702,2.1208462715148926,-0.3923806340355367,1.3980359237778095,3.0,1.9791540478690877,2.4238243103027344,-0.5511805592482593,1.7566052200666908
0.10099267959594727,-3.0043534718292904,0.0,-4.248770038973202,3.526012232724473,3.0,-3.0043534718292904,0.0,-4.5814377328881175,3.053982779866043
0.10099267959594727,3.000747443125306,0.0,-4.329695278658194,4.062683652130213,3.0,3.000747443125306,0.0,1.5673173533916223,3.578838062686581
0.10099267959594727,-3.0043534718292904,0.0,0.8509714430246311,-1.2564344258337266,3.0,-3.0043534718292904,0.0,0.9973905577966087,-1.6504582296209926
0.10099267959594727,3.000747443125306,0.0,0.47352769887853396,2.0276929495117697,3.0,3.000747443125306,0.0,0.27863803056868575,1.8467319798221244
0.10099267959594727,3.000747443125306,0.0,0.2861804261713172,1.8522947153271114,-3.0,3.000747443125306,0.0,0.10468458575923334,1.7566180116563153
0.10099267959594727,3.000747443125306,0.0,0.34679029575264186,1.9015887511635774,3.0,3.000747443125306,0.0,0.16174735972434418,1.7776559778444028
0.10099267959594727,0.4492258480736382,-1.8178682327270508,0.36939446561500455,-1.2957012000802541,-3.0,0.25033518210022976,-2.1208462715148926,0.5173425477236235,-1.6436104167349432
0.10099267959594727,3.0001322370121017,0.0,0.37737144060869765,1.2525387030889075,3.0,3.0001322370121017,0.0,0.25913399429681716,1.098229094050277
0.10099267959594727,-3.0036005809790822,0.0,-0.5254154739172141,-1.5851117633792926,3.0,-3.0036005809790822,0.0,-0.3767421511460154,-1.3701650809155188
0.10099267959594727,-3.0043534718292904,0.0,-2.217552910544834,-3.735964483262946,-3.0,-3.0043534718292904,0.0,-1.861821112810413,-3.295564527683952
0.10099267959594727,-3.0036005809790822,0.0,-2.2024725451112137,-4.0978383127072195,-3.0,-3.0036005809790822,0.0,-1.810508672556257,-3.650842097627199
0.10099267959594727,-0.23924184183431407,-2.726802349090576,0.933339334985892,-2.513234307889271,-3.0,-0.5299281997954495,-3.029780387878418,1.2124370063094978,-3.018716121384629
0.10099267959594727,-3.0036005809790822,0.0,-1.1505189584755038,-2.6451395982950254,-3.0,-3.0036005809790822,0.0,-0.9052260581210043,-2.222976065038
0.10099267959594727,-3.0036005809790822,0.0,1.5397794689072497,-3.2703164505158075,-3.0,-3.0036005809790822,0.0,-4.388279516648129,-3.758096577173332
0.10099267959594727,3.000747443125306,0.0,0.700632942923265,2.3114793449243085,-3.0,3.000747443125306,0.0,0.4818138651672714,2.0368693511917306
0.10099267959594727,-3.0036005809790822,0.0,-0.2465157714596864,-1.2189849153676517,3.0,-3.0036005809790822,0.0,-0.12853164745940004,-1.1270626406861404
0.10099267959594727,3.000747443125306,0.0,-0.44372151961461137,1.9954862903903483,3.0,3.000747443125306,0.0,-0.6575088750861906,2.2532581726611927
0.10099267959594727,3.000747443125306,0.0,1.454255228116247,3.420742102660544,-3.0,3.000747443125306,0.0,1.133082936652412,2.946860380230646
0.10099267959594727,-3.0036005809790822,0.0,-2.772260803032529,-4.488638812560129,-3.0,-3.0036005809790822,0.0,-2.3312695437783337,-4.214394173545456
0.10099267959594727,0.6481165140470466,-0.3029780387878418,0.30709514748624533,-0.6260955356778114,-3.0,0.6022186680531831,-0.6059560775756836,0.3856811773932516,-0.93560663527444
0.10099267959594727,2.310512208256798,0.5380503757437589,-2.338460651297091,4.020283587679831,3.0,2.380150639458725,0.8410284145316007,-2.7538771089724876,4.172234306380608
0.10099267959594727,0.45769156101040154,-0.8379722803400058,-0.43885130143451656,-1.9785277277278277,-3.0,0.35776321299378555,-1.1409503191278476,-0.24101665652095372,-1.9563051738876367
0.10099267959594727,-3.0036005809790822,0.0,0.9048843363929993,-2.2223599438862576,3.0,-3.0036005809790822,0.0,1.1501098179721683,-2.6444244294618753
0.10099267959594727,-3.0036005809790822,0.0,-3.0896420702087473,-4.560274256870975,-3.0,-3.0036005809790822,0.0,-2.6341441037454456,-4.424165199153849
0.10099267959594727,0.8623064620184095,-0.9089341163635254,0.1010566016511878,-0.5354131782016482,3.0,0.7858100520286371,-0.6059560775756836,0.15048534370615174,-0.4476460102778241
0.10099267959594727,3.000747443125306,0.0,0.691236622964222,2.298682313702631,3.0,3.000747443125306,0.0,0.47352769887853396,2.0276929495117697
0.10099267959594727,0.938802872008182,-0.6059560775756836,0.056721154992524614,-0.346138822896029,-3.0,0.8623064620184095,-0.9089341163635254,0.1010566016511878,-0.5354131782016482
0.10099267959594727,-3.0043534718292904,0.0,1.4186875175000275,2.5611444437926547,3.0,-3.0043534718292904,0.0,1.1843232591582153,2.0852522344207944
0.10099267959594727,0.9847007180020455,-0.3029780387878418,0.030568895230706605,-0.17389220889658216,-3.0,0.938802872008182,-0.6059560775756836,0.056721154992524614,-0.346138822896029
0.10099267959594727,3.000747443125306,0.0,-0.07870968988892502,1.7499571864205932,-3.0,3.000747443125306,0.0,-0.2588822169369931,1.8327138928851436
0.10099267959594727,3.0001322370121017,0.0,-2.409249294606543,4.240667652025411,3.0,3.0001322370121017,0.0,-2.8513099720770545,4.4819718934044825
0.10099267959594727,0.3004302052412618,1.2828739911748868,-2.5686204659249534,-4.548256542391563,-3.0,0.41469180519600873,0.979895952387045,-2.1314374393989834,-4.092103706723777
0.10099267959594727,-3.0043534718292904,0.0,-3.4614962932268143,4.166312717607925,3.0,-3.0043534718292904,0.0,-3.8712452567628017,3.918965038840423
0.10099267959594727,3.000747443125306,0.0,-2.025190986508005,4.140985713384315,3.0,3.000747443125306,0.0,-2.463975420747508,4.525995514448821
0.10099267959594727,-3.0036005809790822,0.0,-1.441290816687467,-3.1196920166579725,3.0,-3.0036005809790822,0.0,-1.1505189584755038,-2.6451395982950254
0.10099267959594727,-3.0036005809790822,0.0,-1.4665479082760204,-3.158909385759146,3.0,-3.0036005809790822,0.0,-1.1719434393693118,-2.6813607178614123
0.10099267959594727,3.000747443125306,0.0,-3.5838217801806427,4.659217114423356,3.0,3.000747443125306,0.0,-4.040392294496776,4.35307780331291
0.10099267959594727,3.000747443125306,0.0,-2.337479275714639,4.432551047958416,-3.0,3.000747443125306,0.0,-2.80022964555025,4.699559262488006
0.10099267959594727,3.000747443125306,0.0,1.2432784895158453,3.112272130262367,3.0,3.000747443125306,0.0,0.9516602033111581,2.6737598401063183
0.10099267959594727,-3.0043534718292904,0.0,-0.6127126897697956,0.14296704825426157,-3.0,-3.0043534718292904,0.0,-0.6416840361816907,0.4327017428304351
0.10099267959594727,-3.0036005809790822,0.0,0.24633437290184856,-1.2187937992167799,3.0,-3.0036005809790822,0.0,0.37653661311842646,-1.3698769362847598
0.10099267959594727,3.0001322370121017,0.0,1.0989237930026632,2.4958889604328527,3.0,3.0001322370121017,0.0,0.8681203867227789,2.0853779623908566
0.10099267959594727,3.000747443125306,0.0,-3.2600070760040034,4.752187415342889,3.0,3.000747443125306,0.0,-3.733136226134454,4.580950542206416
0.10099267959594727,-3.0043534718292904,0.0,-0.7912728583789108,-1.0724134066986872,-3.0,-3.0043534718292904,0.0,-0.7001607220185027,-0.7374475370709378
0.10099267959594727,3.000747443125306,0.0,-0.2588822169369931,1.8327138928851436,3.0,3.000747443125306,0.0,-0.4518755065830793,2.004128506016662
0.10099267959594727,3.0001322370121017,0.0,0.05606352934898018,0.9454960818916762,3.0,3.0001322370121017,0.0,-0.03881451758989529,0.941237244793278
0.10099267959594727,-3.0043534718292904,0.0,-0.6412992017851828,-0.4300834897648899,-3.0,-3.0043534718292904,0.0,-0.6125862649120273,-0.14045098556216437
0.10099267959594727,-1.2030966077054472,-3.6357364654541016,-4.359056062787467,-3.994134674935463,-3.0,-1.5855786576543096,-3.9387145042419434,-3.9373138697122223,-4.330331497952119
0.10099267959594727,3.000747443125306,0.0,-4.040392294496776,4.35307780331291,3.0,3.000747443125306,0.0,-4.458533336553344,3.9122579823047325
0.10099267959594727,3.000747443125306,0.0,0.4818138651672714,2.0368693511917306,3.0,3.000747443125306,0.0,0.2861804261713172,1.8522947153271114
0.10099267959594727,3.0001322370121017,0.0,-0.8496261857455463,2.052146324774694,3.0,3.0001322370121017,0.0,-1.0767811503432516,2.45701603999569
0.10099267959594727,-3.0043534718292904,0.0,0.623316009034069,0.28406812320450153,-3.0,-3.0043534718292904,0.0,0.60908324595473,-0.0012516199722482904
0.10099267959594727,3.0001322370121017,0.0,0.6754549324385652,1.7414564766454843,3.0,3.0001322370121017,0.0,0.5140904318684831,1.4651409037443477
0.10099267959594727,-3.0043534718292904,0.0,-1.294903481823726,-2.318107443846037,-3.0,-3.0043534718292904,0.0,-1.0842594233677691,-1.8598620901724838
0.10099267959594727,-3.0036005809790822,0.0,-1.671687247481517,-3.462295564508076,3.0,-3.0036005809790822,0.0,-1.346957933941177,-2.970162623825524
0.10099267959594727,3.000747443125306,0.0,0.10468458575923334,1.7566180116563153,-3.0,3.000747443125306,0.0,-0.0715754922285714,1.748459058837871
0.10099267959594727,3.000747443125306,0.0,-1.404079609469893,3.348723667535899,-3.0,3.000747443125306,0.0,-1.7671704392135035,3.8413467329955395
0.10099267959594727,3.000747443125306,0.0,-0.0715754922285714,1.748459058837871,3.0,3.000747443125306,0.0,-0.2514184525847676,1.827676383366658
0.10099267959594727,3.000747443125306,0.0,1.2306356777649863,3.093413454442135,-3.0,3.000747443125306,0.0,0.940796495083219,2.657567323279255
0.10099267959594727,3.000747443125306,0.0,-0.6667192308536909,2.2655292991527887,3.0,3.000747443125306,0.0,-0.9124649078530997,2.615355113588213
0.10099267959594727,-3.0036005809790822,0.0,-2.6341441037454456,-4.424165199153849,3.0,-3.0036005809790822,0.0,-2.2024725451112137,-4.0978383127072195
0.10099267959594727,-3.0036005809790822,0.0,-0.8381692010174242,-2.1067125804925904,-3.0,-3.0036005809790822,0.0,-0.6428052806770599,-1.77406445073435
0.10099267959594727,-3.0043534718292904,0.0,-2.218182830771728,-3.7366242599942026,-3.0,-3.0043534718292904,0.0,-1.8623767961938804,-3.2963566338287267
0.10099267959594727,-3.0036005809790822,0.0,1.346496946361896,-2.9693989142659825,3.0,-3.0036005809790822,0.0,-4.612032328644888,-3.461516236530116
0.10099267959594727,-3.0043534718292904,0.0,-1.5535174793111488,-2.8064976818952325,-3.0,-3.0043534718292904,0.0,-1.294903481823726,-2.318107443846037
0.10099267959594727,-3.0036005809790822,0.0,-1.1719434393693118,-2.6813607178614123,-3.0,-3.0036005809790822,0.0,-0.9232319301284737,-2.2542534767954012
0.10099267959594727,-3.0036005809790822,0.0,-0.714347606704941,-1.8941521631837186,-2.4242880473720376,-3.0036005809790822,0.0,-0.5382408973809736,-1.605136265360591
0.10099267959594727,3.000747443125306,0.0,-1.1852863443939676,3.0254026384727872,3.0,3.000747443125306,0.0,-1.5148013409993877,3.506123386531983
0.10099267959594727,-3.0043534718292904,0.0,-0.6125862649120273,-0.14045098556216437,-3.0,-3.0043534718292904,0.0,-0.6127368169029581,0.1434426005118038
0.10099267959594727,-3.0043534718292904,0.0,0.9959199409718837,1.6467843849352304,3.0,-3.0043534718292904,0.0,0.8498521345736854,1.2531460827760057
0.10099267959594727,-3.0043534718292904,0.0,-4.5814377328881175,3.053982779866043,3.0,-3.0043534718292904,0.0,1.4182558392728724,2.5603271700688253
0.10099267959594727,0.4033280020797747,0.9089341163635254,-2.797317928459391,-4.808870448684375,-3.0,0.4798244120695472,0.6059560775756836,-2.330304360048635,-4.413925409363797
0.10099267959594727,3.000747443125306,0.0,-0.9018379795684415,2.599631447515036,3.0,3.000747443125306,0.0,-1.1852863443939676,3.0254026384727872
0.10099267959594727,3.000747443125306,0.0,-0.9990241443212811,2.7447099800740484,-3.0,3.000747443125306,0.0,-1.2984020628310966,3.1941452976838756
0.10099267959594727,3.000747443125306,0.0,-1.1976516668351782,3.0439440195602105,-3.0,3.000747443125306,0.0,-1.5291257894249424,3.526059967120475
0.10099267959594727,-0.43776320520857076,-0.1756868143661925,0.12485544510712421,-1.1310894065272457,3.0,-0.4402070053631345,0.1272912244216493,0.2355806648144596,-1.0711310979082496
0.10099267959594727,-3.0043534718292904,0.0,-0.700036428034013,-0.7369147493127027,-3.0,-3.0043534718292904,0.0,-0.6412992017851828,-0.4300834897648899
0.10099267959594727,3.000747443125306,0.0,-0.01522702889639449,1.7415887340199951,-3.0,3.000747443125306,0.0,-0.1929637604266632,1.7927757965686595
0.10099267959594727,0.4186272840777292,-0.6059560775756836,0.9368626105576197,-2.0527032713314366,3.0,0.3727294380838657,-0.3029780387878418,1.1612362324043928,-2.404799946769212
0.10099267959594727,-3.0036005809790822,0.0,0.975623968616675,-2.3450444073039796,3.0,-3.0036005809790822,0.0,1.2342152485966138,-2.7855586190195627
0.10099267959594727,-3.0043534718292904,0.0,1.4182558392728724,2.5603271700688253,3.0,-3.0043534718292904,0.0,1.1839717988471627,2.0844864269185157
0.10099267959594727,-3.0043534718292904,0.0,0.8498521345736854,1.2531460827760057,3.0,-3.0043534718292904,0.0,0.7414173941440789,0.9005026380472495
0.10099267959594727,-3.0043534718292904,0.0,-4.245622992894946,-3.5299226813845923,3.0,-3.0043534718292904,0.0,-3.8684092139360957,-3.9213267956383353
0.10099267959594727,-3.0043534718292904,0.0,1.420541652418875,-2.564652516116372,3.0,-3.0043534718292904,0.0,-4.578711559897858,-3.0583199304673503
0.10099267959594727,3.000747443125306,0.0,-2.337479275714639,4.432551047958416,3.0,3.000747443125306,0.0,-2.80022964555025,4.699559262488006
0.10099267959594727,-3.0036005809790822,0.0,0.09371972326799183,-1.1101313146163143,3.0,-3.0036005809790822,0.0,0.20911534156706368,-1.1845030352247197
0.10099267959594727,3.000747443125306,0.0,-3.8978347142565597,4.46968499334186,3.0,3.000747443125306,0.0,-4.329695278658194,4.062683652130213
0.10099267959594727,3.000747443125306,0.0,1.3462732756601414,3.264658247260325,-3.0,3.000747443125306,0.0,1.04016470361544,2.8066826409596946
0.10099267959594727,2.7061855346825596,0.23507233695591712,1.263008795219673,2.67689795237981,-3.0,2.7146268378926686,-0.06790570183192468,1.0186521675519136,2.165048440632581
0.10099267959594727,3.000747443125306,0.0,-0.7415400193779491,2.368058159583148,-3.0,3.000747443125306,0.0,-0.9990241443212811,2.7447099800740484
0.10099267959594727,-3.0036005809790822,0.0,0.975623968616675,-2.3450444073039796,3.0,-3.0036005809790822,0.0,1.2342152485966138,-2.7855586190195627
0.10099267959594727,3.000747443125306,0.0,0.9516602033111581,2.6737598401063183,3.0,3.000747443125306,0.0,0.700632942923265,2.3114793449243085
0.10099267959594727,-0.08624902185476913,-0.9089341163635254,0.14762422934705954,-1.8141656529931853,3.0,-0.1627454318445416,-0.6059560775756836,0.32852973594391033,-1.7839453251187727
0.10099267959594727,0.9847007180020455,-0.3029780387878418,0.030568895230706605,-0.17389220889658216,-3.0,0.938802872008182,-0.6059560775756836,0.056721154992524614,-0.346138822896029
0.10099267959594727,-3.0043534718292904,0.0,0.7415692513068817,0.9010610745507043,3.0,-3.0043534718292904,0.0,0.6669468348890608,0.5814151644139761
0.10099267959594727,3.000747443125306,0.0,-0.9124649078530997,2.615355113588213,3.0,3.000747443125306,0.0,-1.1976516668351782,3.0439440195602105
0.10099267959594727,3.000747443125306,0.0,-3.5838217801806427,4.659217114423356,3.0,3.000747443125306,0.0,-4.040392294496776,4.35307780331291
0.10099267959594727,3.0001322370121017,0.0,0.6918910025065599,1.7704658104608169,3.0,3.0001322370121017,0.0,0.5279104781730353,1.4880009816358495
0.10099267959594727,-3.0043534718292904,0.0,0.7422219865328521,-0.9034587951994036,3.0,-3.0043534718292904,0.0,0.8509714430246311,-1.2564344258337266
0.10099267959594727,3.0001322370121017,0.0,-1.66738324118097,3.410940934619815,3.0,3.0001322370121017,0.0,-2.036209385471049,3.8847297093714634
0.10099267959594727,-3.0043534718292904,0.0,0.6233639485912774,0.2845507789633723,-3.0,-3.0043534718292904,0.0,0.6090830897228448,-0.0007785897614749245
0.10099267959594727,0.020845952130912337,-2.4238243103027344,0.7033557400251689,-2.0499900370790107,-3.0,-0.23924184183431407,-2.726802349090576,0.933339334985892,-2.513234307889271
0.10099267959594727,3.000747443125306,0.0,0.34679029575264186,1.9015887511635774,3.0,3.000747443125306,0.0,0.16174735972434418,1.7776559778444028
0.10099267959594727,2.380150639458725,0.8410284145316007,-2.7538771089724876,4.172234306380608,3.0,2.480387634656561,1.1440064533194425,-3.173955320934184,4.110870916685261
0.10099267959594727,-0.8512131217524939,-3.3327584266662598,1.5433603714740962,-3.5318158522425023,-3.0,-1.2030966077054472,-3.6357364654541016,-4.359056062787467,-3.994134674935463
0.10099267959594727,-3.0036005809790822,0.0,-2.9120736703558223,-4.533441228143463,3.0,-3.0036005809790822,0.0,-2.4634716922326843,-4.317285325119549
0.10099267959594727,-3.0036005809790822,0.0,-0.6428052806770599,-1.77406445073435,3.0,-3.0036005809790822,0.0,-0.4774497340913517,-1.5120982570932404
0.10099267959594727,3.0001322370121017,0.0,0.16311997375127296,1.0043876005904995,3.0,3.0001322370121017,0.0,0.0649240116711538,0.9482732600054953
0.10099267959594727,-2.8860176274804417,-4.241692543029785,-2.598145415236177,-4.369850717956342,3.0,-3.0036005809790822,0.0,-2.1696279320041314,-4.065592708941297
0.10099267959594727,2.851213121752494,3.3327584266662598,-1.285700665996409,3.1609540034076558,3.0,3.000747443125306,0.0,-1.630629446230993,3.6645038649285473
0.10099267959594727,-0.20864327783840508,0.3029780387878418,0.9192879864512924,-2.258665649671227,-3.0,-0.1933439958404506,0.0,1.1725317047647539,-2.7614138089326126
0.10099267959594727,-0.5299281997954495,-3.029780387878418,1.2124370063094978,-3.018716121384629,-3.0,-0.8512131217524939,-3.3327584266662598,1.5433603714740962,-3.5318158522425023
0.10099267959594727,-0.21573743794342254,-1.4120570501031893,-0.6544908181671869,-2.1961093448829225,3.0,-0.34304558117773826,-1.1090790113153475,-0.4528504098328203,-1.8085489487148512
0.10099267959594727,-3.0036005809790822,0.0,0.5251756128186957,-1.5847189024300814,3.0,-3.0036005809790822,0.0,0.6989329604915535,-1.8680053650888373
0.10099267959594727,-0.03929042220231275,0.10283314383601969,1.4616059483246047,-3.2355523361040013,-3.0,-0.04420430945299181,-0.2001448949518221,-4.46990594338272,-3.717985222730263
0.10099267959594727,3.000747443125306,0.0,1.2306356777649863,3.093413454442135,3.0,3.000747443125306,0.0,0.940796495083219,2.657567323279255
0.10099267959594727,0.15557004129060764,1.5858520299627286,-3.0449785806574714,-4.852272933483982,-3.0,0.3004302052412618,1.2828739911748868,-2.5686204659249534,-4.548256542391563
0.10099267959594727,-3.0036005809790822,0.0,-0.5382408973809736,-1.605136265360591,3.0,-3.0036005809790822,0.0,-0.38781584990151474,-1.3848954626066985
0.10099267959594727,1.4453444016578905,0.6418267871216885,-0.04363105450783289,0.18803617098307174,-3.0,1.4948649267278118,0.3388487483338467,-0.05620313184925019,0.06198558768062316
0.10099267959594727,-3.0036005809790822,0.0,-1.5667657050066812,-3.310580317534817,-3.0,-3.0036005809790822,0.0,-1.2572126766448393,-2.8237195160799864
0.10099267959594727,2.239241841834314,2.726802349090576,-0.7492223548800117,2.1752997962735363,3.0,2.5299281997954495,3.029780387878418,-0.9924541818928412,2.649790616387527
0.10099267959594727,3.000747443125306,0.0,-0.8198181512212597,2.4795190572515096,-3.0,3.000747443125306,0.0,-1.0898869292655378,2.881653101351442
0.10099267959594727,0.020845952130912337,-2.4238243103027344,0.7033557400251689,-2.0499900370790107,-3.0,-0.23924184183431407,-2.726802349090576,0.933339334985892,-2.513234307889271
0.10099267959594727,0.32683159209000223,0.6059560775756836,-3.280021169701309,-4.709619849779636,3.0,0.4033280020797747,0.9089341163635254,-2.797317928459391,-4.808870448684375
0.10099267959594727,3.000747443125306,0.0,0.27863803056868575,1.8467319798221244,3.0,3.000747443125306,0.0,0.09752432842446934,1.7546030075855603
0.10099267959594727,-3.0036005809790822,0.0,-2.3312695437783337,-4.214394173545456,3.0,-3.0036005809790822,0.0,-1.9258823990192835,-3.7960667728361073
0.10099267959594727,1.7919880771473398,0.3388487483338467,-0.2252479478017979,0.4276668268474989,3.0,1.841508602217261,0.6418267871216885,-0.2818560981757199,0.6975332420568392
0.10099267959594727,3.000747443125306,0.0,0.47352769887853396,2.0276929495117697,3.0,3.000747443125306,0.0,0.27863803056868575,1.8467319798221244
0.10099267959594727,3.0001322370121017,0.0,-0.047631386336197234,0.9432212782300236,3.0,3.0001322370121017,0.0,-0.14487975351581595,0.9906112520674207
0.10099267959594727,-3.0043534718292904,0.0,-3.0363034338771073,4.219188892141277,-3.0,-3.0043534718292904,0.0,-3.4614962932268143,4.166312717607925
0.10099267959594727,-3.0036005809790822,0.0,-2.3312695437783337,-4.214394173545456,-3.0,-3.0036005809790822,0.0,-1.9258823990192835,-3.7960667728361073
0.10099267959594727,3.000747443125306,0.0,-1.7671704392135035,3.8413467329955395,3.0,3.000747443125306,0.0,-2.178677419669221,4.2947253070461135
0.10099267959594727,3.0001322370121017,0.0,-0.24937431501609497,1.0871889101028556,3.0,3.0001322370121017,0.0,-0.3662528429397036,1.2365921458990878
0.10099267959594727,3.0001322370121017,0.0,1.1224808613331816,2.5370392900218173,3.0,3.0001322370121017,0.0,0.8878063749057481,2.1207155465350973
0.10099267959594727,2.5299281997954495,3.029780387878418,-0.9924541818928412,2.649790616387527,3.0,2.851213121752494,3.3327584266662598,-1.285700665996409,3.1609540034076558
0.10099267959594727,1.7496648178997702,2.1208462715148926,-0.3923806340355367,1.3980359237778095,3.0,1.9791540478690877,2.4238243103027344,-0.5511805592482593,1.7566052200666908
0.10099267959594727,-3.0043534718292904,0.0,-1.2969732288739917,2.322318694420203,3.0,-3.0043534718292904,0.0,-1.5560229661321476,2.810872604689938
0.10099267959594727,3.000747443125306,0.0,-1.630629446230993,3.6645038649285473,-3.0,3.000747443125306,0.0,-2.025190986508005,4.140985713384315
0.10099267959594727,-3.0043534718292904,0.0,0.6233639485912774,0.2845507789633723,3.0,-3.0043534718292904,0.0,0.6090830897228448,-0.0007785897614749245
0.10099267959594727,0.5257222580634107,0.3029780387878418,-1.9092491825969504,-3.9154615741194987,-3.0,0.5410215400613652,0.0,-1.539776519671824,-3.405971484341412
0.10099267959594727,3.000747443125306,0.0,-0.01522702889639449,1.7415887340199951,3.0,3.000747443125306,0.0,-0.1929637604266632,1.7927757965686595
0.10099267959594727,-3.0036005809790822,0.0,0.2847016438283396,-1.2586502810983757,3.0,-3.0036005809790822,0.0,0.41987834753568043,-1.4287744926241162
0.10099267959594727,3.000747443125306,0.0,0.041043542861829874,1.7436353936530495,3.0,3.000747443125306,0.0,-0.13549094235471282,1.7668843242877739
0.10099267959594727,3.000747443125306,0.0,-3.8978347142565597,4.46968499334186,3.0,3.000747443125306,0.0,-4.329695278658194,4.062683652130213
0.10099267959594727,3.000747443125306,0.0,-1.6455984908143315,3.6844191994427136,3.0,3.000747443125306,0.0,-2.042094918249488,4.158846172471997
0.10099267959594727,0.32683159209000223,-0.6059560775756836,1.4302008585136075,-2.9211758263947867,3.0,0.28093374609613875,-0.3029780387878418,-4.533326082357428,-3.416652569190591
0.10099267959594727,-3.0036005809790822,0.0,-0.5254154739172141,-1.5851117633792926,3.0,-3.0036005809790822,0.0,-0.3767421511460154,-1.3701650809155188
0.10099267959594727,3.000747443125306,0.0,-2.9334879977520125,4.73712092467697,3.0,3.000747443125306,0.0,-3.413102491389902,4.721505069290032
0.10099267959594727,3.0001322370121017,0.0,0.04722717677422539,0.9431248860265938,3.0,3.0001322370121017,0.0,-0.047631386336197234,0.9432212782300236
0.10099267959594727,3.000747443125306,0.0,-0.13549094235471282,1.7668843242877739,3.0,3.000747443125306,0.0,-0.3187920005680902,1.877823790164637
0.10099148750305176,1.0,0.0,0.02130700659273943,-0.01028268005813872,-3.0,0.9847007180020455,-0.3029780387878418,0.030568895230706605,-0.17389220889658216
0.10099267959594727,-3.0043534718292904,0.0,-3.033251182970624,-4.2188105930051965,-3.0,-3.0043534718292904,0.0,-2.6133277043538468,-4.064311417825738
0.10099267959594727,1.9405496523571037,0.6418267871216885,-0.44039386224852395,1.037871929773813,-3.0,1.990070177427025,0.3388487483338467,-0.5498740075764528,1.1394649699549413
0.10099267959594727,3.000747443125306,0.0,0.8569663980482409,2.5336114839030612,3.0,3.000747443125306,0.0,0.6185595958500065,2.2022133614094868
0.10099267959594727,-3.0043534718292904,0.0,-2.221517556992851,3.740109938683191,3.0,-3.0043534718292904,0.0,-2.6169541633111817,4.066509906063709
0.10099267959594727,0.938802872008182,-0.6059560775756836,0.056721154992524614,-0.346138822896029,-3.0,0.8623064620184095,-0.9089341163635254,0.1010566016511878,-0.5354131782016482
0.10099267959594727,0.25033518210022976,-2.1208462715148926,0.5173425477236235,-1.6436104167349432,-3.0,0.020845952130912337,-2.4238243103027344,0.7033557400251689,-2.0499900370790107
0.10099267959594727,3.0001322370121017,0.0,-0.3662528429397036,1.2365921458990878,3.0,3.0001322370121017,0.0,-0.5010934213798977,1.4438056338428984
0.10099267959594727,3.000747443125306,0.0,-2.80022964555025,4.699559262488006,3.0,3.000747443125306,0.0,-3.2793566734047173,4.749637960200567
0.10099267959594727,-3.0043534718292904,0.0,0.6669468348890608,0.5814151644139761,3.0,-3.0043534718292904,0.0,0.6233639485912774,0.2845507789633723
0.10099267959594727,3.000747443125306,0.0,0.5488512127123832,2.114924582426332,-3.0,3.000747443125306,0.0,0.34679029575264186,1.9015887511635774
0.10099267959594727,-3.0043534718292904,0.0,-1.5535174793111488,-2.8064976818952325,-3.0,-3.0043534718292904,0.0,-1.294903481823726,-2.318107443846037
0.10099267959594727,1.9791540478690877,2.4238243103027344,-0.5511805592482593,1.7566052200666908,3.0,2.239241841834314,2.726802349090576,-0.7492223548800117,2.1752997962735363
0.10099267959594727,-0.32758794999775354,0.1272912244216493,0.7899106730340946,-1.9590004629021882,3.0,-0.2994331861564083,0.4302692632094911,1.0016615467593222,-2.2494747639788293
0.10099267959594727,2.239241841834314,2.726802349090576,-0.7492223548800117,2.1752997962735363,3.0,2.5299281997954495,3.029780387878418,-0.9924541818928412,2.649790616387527
0.10099267959594727,-3.0036005809790822,0.0,-3.2309391258477285,-4.55743172000218,3.0,-3.0036005809790822,0.0,-2.772260803032529,-4.488638812560129
0.10099267959594727,3.000747443125306,0.0,-4.458533336553344,3.9122579823047325,3.0,3.000747443125306,0.0,1.454255228116247,3.420742102660544
0.10099267959594727,3.000747443125306,0.0,-0.3803064839898398,1.9320630733063204,3.0,3.000747443125306,0.0,-0.5862316394879934,2.1609935273359815
0.10099267959594727,3.000747443125306,0.0,-3.43232128398776,4.715967556042285,-3.0,3.000747443125306,0.0,-3.8978347142565597,4.46968499334186
0.10099267959594727,-3.0043534718292904,0.0,-2.6169541633111817,4.066509906063709,3.0,-3.0043534718292904,0.0,-3.03701468693766,4.219275504431485
0.10099267959594727,-3.0036005809790822,0.0,-2.1696279320041314,-4.065592708941297,-3.0,-3.0036005809790822,0.0,-1.7812880825513404,-3.612351710368561
0.10099267959594727,3.000747443125306,0.0,-4.329695278658194,4.062683652130213,3.0,3.000747443125306,0.0,1.5673173533916223,3.578838062686581
0.10099267959594727,-3.0036005809790822,0.0,-0.2950532825898784,-1.2701608760344403,3.0,-3.0036005809790822,0.0,-0.17304519915825134,-1.1558032038733779
0.10099267959594727,-3.0036005809790822,0.0,0.12836492483943074,-1.1269622725567134,3.0,-3.0036005809790822,0.0,0.24633437290184856,-1.2187937992167799
0.10099267959594727,3.0001322370121017,0.0,-0.6440960799396778,1.68640921896001,3.0,3.0001322370121017,0.0,-0.8305769329644073,2.0179451273023985
0.10099267959594727,3.000747443125306,0.0,-4.458533336553344,3.9122579823047325,-3.0,3.000747443125306,0.0,1.454255228116247,3.420742102660544
0.10099267959594727,1.5507741519263618,1.8178682327270508,-0.2669033668728553,1.0956179989682382,3.0,1.7496648178997702,2.1208462715148926,-0.3923806340355367,1.3980359237778095
0.10099267959594727,-3.0043534718292904,0.0,0.8509714430246311,-1.2564344258337266,-3.0,-3.0043534718292904,0.0,0.9973905577966087,-1.6504582296209926
0.10099267959594727,0.16071611179564543,-0.4786648531540343,-1.1660253682545307,-2.7369272315584414,-3.0,0.09707518364926371,-0.7816428919418761,-0.9079828002190262,-2.3896320087646106
0.10099267959594727,-3.0036005809790822,0.0,-2.9120736703558223,-4.533441228143463,-3.0,-3.0036005809790822,0.0,-2.4634716922326843,-4.317285325119549
0.10099267959594727,3.000747443125306,0.0,-2.025190986508005,4.140985713384315,-3.0,3.000747443125306,0.0,-2.463975420747508,4.525995514448821
0.10099267959594727,-3.0043534718292904,0.0,0.60908324595473,-0.0012516199722482904,3.0,-3.0043534718292904,0.0,0.6235705452236613,-0.2866226353298968
0.10099267959594727,3.000747443125306,0.0,0.16174735972434418,1.7776559778444028,3.0,3.000747443125306,0.0,-0.01522702889639449,1.7415887340199951
0.10099267959594727,3.000747443125306,0.0,-0.3187920005680902,1.877823790164637,3.0,3.000747443125306,0.0,-0.5177865866023788,2.0779406365173294
0.10099267959594727,-0.20864327783840508,-0.3029780387878418,0.5110984997913044,-1.847155415480441,3.0,-0.22394255983635958,0.0,0.7048083380464454,-2.004856345741876
0.10099267959594727,3.000747443125306,0.0,-3.2600070760040034,4.752187415342889,3.0,3.000747443125306,0.0,-3.733136226134454,4.580950542206416
0.10099267959594727,0.020845952130912337,-2.4238243103027344,0.7033557400251689,-2.0499900370790107,-3.0,-0.23924184183431407,-2.726802349090576,0.933339334985892,-2.513234307889271
0.10099267959594727,3.000747443125306,0.0,0.9516602033111581,2.6737598401063183,-3.0,3.000747443125306,0.0,0.700632942923265,2.3114793449243085
0.10099267959594727,3.000747443125306,0.0,-0.13549094235471282,1.7668843242877739,3.0,3.000747443125306,0.0,-0.3187920005680902,1.877823790164637
0.10099267959594727,3.000747443125306,0.0,0.2861804261713172,1.8522947153271114,3.0,3.000747443125306,0.0,0.10468458575923334,1.7566180116563153
0.10099267959594727,3.000747443125306,0.0,-2.3194547750371233,4.418050866837599,3.0,3.000747443125306,0.0,-2.7811029958814424,4.6926972712834285
0.10099267959594727,-3.0036005809790822,0.0,-2.0456646356519834,-3.9350675368298744,3.0,-3.0036005809790822,0.0,-1.671687247481517,-3.462295564508076
0.10099267959594727,-3.0043534718292904,0.0,-1.553990712596788,-2.8073245085998346,-3.0,-3.0043534718292904,0.0,-1.2952943735114766,-2.318903161935796
0.10099267959594727,1.1376935379815905,0.9089341163635254,-0.041817751458584684,0.4424785909482284,3.0,1.244788511967272,1.2119121551513672,-0.09559587284276594,0.6268454801728142
0.10099267959594727,3.000747443125306,0.0,-3.106308250770866,4.758767136032923,3.0,3.000747443125306,0.0,-3.5838217801806427,4.659217114423356
0.10099267959594727,3.000747443125306,0.0,-2.337479275714639,4.432551047958416,3.0,3.000747443125306,0.0,-2.80022964555025,4.699559262488006
0.10099267959594727,2.580624629854397,0.8410284145316007,-3.5923770816069927,4.1393697715206335,-3.0,2.650263061056324,0.5380503757437589,-4.002922388009505,3.9577754311913025
0.10099267959594727,3.000747443125306,0.0,-4.3131088042509305,4.081137786518505,-3.0,3.000747443125306,0.0,-4.701242143886359,3.598798483296623
0.10099267959594727,-3.0036005809790822,0.0,-0.9232319301284737,-2.2542534767954012,3.0,-3.0036005809790822,0.0,-0.714347606704941,-1.8941521631837186
0.10099267959594727,-0.3410799129117163,-0.7816428919418761,-0.12963767176409613,-1.430649590583246,3.0,-0.404720841058098,-0.4786648531540343,0.0051510949474624645,-1.24951229125995
0.10099267959594727,0.1585394901125028,-1.514890193939209,-0.2471141531007235,-2.158147892223728,3.0,0.020845952130912337,-1.2119121551513672,-0.04106714936264888,-1.9383518641258446
0.10099267959594727,0.19375847594611817,-0.1756868143661925,-1.4638843282301974,-3.1752069828528224,-3.0,0.16071611179564543,-0.4786648531540343,-1.1660253682545307,-2.7369272315584414
0.10099267959594727,-3.0036005809790822,0.0,-0.3351233303663652,-1.3172345102437406,3.0,-3.0036005809790822,0.0,-0.20929125068496512,-1.1846656959024837
0.10099267959594727,3.000747443125306,0.0,-0.9124649078530997,2.615355113588213,3.0,3.000747443125306,0.0,-1.1976516668351782,3.0439440195602105
0.10099267959594727,-3.0043534718292904,0.0,-4.248175579540453,3.526751688141285,3.0,-3.0043534718292904,0.0,-4.5809228377413564,3.054802520504057
0.10099267959594727,-0.06940959924424508,0.733247301997333,-3.617031255085449,-4.628037785499082,3.0,0.0199422925889189,1.0362253407851747,-3.1346624391204956,-4.888815353474026
0.10099101066589355,1.0,0.0,0.02130700659273943,-0.01028268005813872,3.0,1.0152992819979545,0.3029780387878418,0.015209388959758652,0.1315421208175412
0.10099267959594727,3.000747443125306,0.0,-4.329695278658194,4.062683652130213,-3.0,3.000747443125306,0.0,1.5673173533916223,3.578838062686581
0.10099267959594727,3.000747443125306,0.0,-2.025190986508005,4.140985713384315,3.0,3.000747443125306,0.0,-2.463975420747508,4.525995514448821
0.10099267959594727,-2.4423384495397613,-4.544670581817627,-3.04203892493848,-4.382603995120442,3.0,-2.8860176274804417,-4.241692543029785,-2.598145415236177,-4.369850717956342
0.10099267959594727,3.000747443125306,0.0,0.2861804261713172,1.8522947153271114,3.0,3.000747443125306,0.0,0.10468458575923334,1.7566180116563153
0.10099267959594727,0.28093374609613875,0.3029780387878418,-3.741160893707042,-4.391399183913302,3.0,0.32683159209000223,0.6059560775756836,-3.280021169701309,-4.709619849779636
0.10099267959594727,1.5507741519263618,1.8178682327270508,-0.2669033668728553,1.0956179989682382,3.0,1.7496648178997702,2.1208462715148926,-0.3923806340355367,1.3980359237778095
0.10099267959594727,-3.0036005809790822,0.0,-0.714347606704941,-1.8941521631837186,3.0,-3.0036005809790822,0.0,-0.5382408973809736,-1.605136265360591
0.10099267959594727,3.000747443125306,0.0,-0.5177865866023788,2.0779406365173294,3.0,3.000747443125306,0.0,-0.7415400193779491,2.368058159583148
0.10099267959594727,-3.0043534718292904,0.0,-1.0845730529275799,-1.8605931361860308,-3.0,-3.0043534718292904,0.0,-0.9180367617908556,-1.444823012516047
0.10099267959594727,3.000747443125306,0.0,-1.1852863443939676,3.0254026384727872,3.0,3.000747443125306,0.0,-1.5148013409993877,3.506123386531983
0.10099267959594727,3.0001322370121017,0.0,-0.48768219499452714,1.4220145094631897,3.0,3.0001322370121017,0.0,-0.6440960799396778,1.68640921896001
0.10099267959594727,3.000747443125306,0.0,-3.43232128398776,4.715967556042285,3.0,3.000747443125306,0.0,-3.8978347142565597,4.46968499334186
0.10099267959594727,-3.0043534718292904,0.0,-1.5560229661321476,2.810872604689938,3.0,-3.0043534718292904,0.0,-1.8647627872973502,3.2997541660615575
0.10099267959594727,0.2450657686307648,-1.0908440012902667,-0.049069126708185085,-1.8604496400084516,3.0,0.15019779191724933,-0.7878659625024249,0.13148595612858704,-1.7302158204562847
0.10099267959594727,2.5299281997954495,3.029780387878418,-0.9924541818928412,2.649790616387527,3.0,2.851213121752494,3.3327584266662598,-1.285700665996409,3.1609540034076558
0.10099267959594727,3.000747443125306,0.0,-0.13549094235471282,1.7668843242877739,-3.0,3.000747443125306,0.0,-0.3187920005680902,1.877823790164637
0.10099267959594727,-3.0036005809790822,0.0,-1.9258823990192835,-3.7960667728361073,-3.0,-3.0036005809790822,0.0,-1.5667657050066812,-3.310580317534817
0.10099267959594727,3.000747443125306,0.0,-2.6305197156773876,4.625840486201121,3.0,3.000747443125306,0.0,-3.106308250770866,4.758767136032923
0.10099267959594727,3.000747443125306,0.0,-2.952789618500605,4.741056379496406,3.0,3.000747443125306,0.0,-3.43232128398776,4.715967556042285
0.10099267959594727,3.000747443125306,0.0,-0.8198181512212597,2.4795190572515096,3.0,3.000747443125306,0.0,-1.0898869292655378,2.881653101351442
0.10099267959594727,3.000747443125306,0.0,-0.3803064839898398,1.9320630733063204,3.0,3.000747443125306,0.0,-0.5862316394879934,2.1609935273359815
0.10099267959594727,3.000747443125306,0.0,-1.9100662951572258,4.013294467279038,3.0,3.000747443125306,0.0,-2.337479275714639,4.432551047958416
0.10099267959594727,0.052257530477947414,-0.18190988492674132,0.4756960559051797,-1.7371041528452074,-3.0,0.018586681756250733,-0.4848879237145831,0.6704859293609586,-2.131254838457383
0.10099267959594727,-3.0036005809790822,0.0,-3.5476813263883966,-4.473413845195256,-3.0,-3.0036005809790822,0.0,-3.0896420702087473,-4.560274256870975
0.10099267959594727,2.6977442314724507,-0.06790570183192468,1.5561226618879247,3.138970483248136,3.0,2.7061855346825596,0.23507233695591712,1.263008795219673,2.67689795237981
0.10099267959594727,0.9847007180020455,-0.3029780387878418,0.030568895230706605,-0.17389220889658216,-3.0,0.938802872008182,-0.6059560775756836,0.056721154992524614,-0.346138822896029
0.10099267959594727,3.000747443125306,0.0,-1.5148013409993877,3.506123386531983,3.0,3.000747443125306,0.0,-1.8937568812425636,3.994418234400685
0.10099267959594727,3.0001322370121017,0.0,0.5279104781730353,1.4880009816358495,3.0,3.0001322370121017,0.0,0.38917422222861253,1.26971364649516
0.10099267959594727,3.000747443125306,0.0,0.2196348371718826,1.8076773746364987,3.0,3.000747443125306,0.0,0.041043542861829874,1.7436353936530495
0.10099267959594727,0.08592837919964379,-0.4848879237145831,0.30341741043392423,-1.6893864027886296,3.0,0.052257530477947414,-0.18190988492674132,0.4756960559051797,-1.7371041528452074
0.10099267959594727,3.000747443125306,0.0,-2.3194547750371233,4.418050866837599,-3.0,3.000747443125306,0.0,-2.7811029958814424,4.6926972712834285
0.10099267959594727,3.0001322370121017,0.0,-1.0539688750487106,2.416832489859839,3.0,3.0001322370121017,0.0,-1.3207265094010965,2.8741486647694967
0.10099267959594727,-3.0043534718292904,0.0,0.60908324595473,-0.0012516199722482904,-3.0,-3.0043534718292904,0.0,0.6235705452236613,-0.2866226353298968
0.10099267959594727,1.3958238765879691,0.3388487483338467,-0.033253503423275266,0.018320339734993214,3.0,1.4453444016578905,0.6418267871216885,-0.04363105450783289,0.18803617098307174
0.10099267959594727,-3.0043534718292904,0.0,-0.9190830451402623,1.4476431473833062,3.0,-3.0043534718292904,0.0,-1.0859202419197929,1.8637315376459331
0.10099267959594727,3.000747443125306,0.0,0.9516602033111581,2.6737598401063183,3.0,3.000747443125306,0.0,0.700632942923265,2.3114793449243085
0.10099267959594727,3.0001322370121017,0.0,-0.6600113715482441,1.7142776150982573,3.0,3.0001322370121017,0.0,-0.8496261857455463,2.052146324774694
0.10099267959594727,3.000747443125306,0.0,-3.8796018641972982,4.483248713326376,-3.0,3.000747443125306,0.0,-4.3131088042509305,4.081137786518505
0.10099267959594727,3.000747443125306,0.0,-2.025190986508005,4.140985713384315,3.0,3.000747443125306,0.0,-2.463975420747508,4.525995514448821
0.10099267959594727,3.000747443125306,0.0,-2.463975420747508,4.525995514448821,3.0,3.000747443125306,0.0,-2.9334879977520125,4.73712092467697
0.10099267959594727,3.000747443125306,0.0,-0.44372151961461137,1.9954862903903483,-3.0,3.000747443125306,0.0,-0.6575088750861906,2.2532581726611927
0.10099267959594727,3.0001322370121017,0.0,-0.5010934213798977,1.4438056338428984,3.0,3.0001322370121017,0.0,-0.6600113715482441,1.7142776150982573
0.10099267959594727,-3.0043534718292904,0.0,-3.4621986045005557,4.166052423379304,3.0,-3.0043534718292904,0.0,-3.871905848099902,3.9184136516525707
0.10099267959594727,-3.0043534718292904,0.0,-1.861821112810413,-3.295564527683952,-3.0,-3.0043534718292904,0.0,-1.5535174793111488,-2.8064976818952325
0.10099267959594727,-3.0043534718292904,0.0,-1.0842594233677691,-1.8598620901724838,-3.0,-3.0043534718292904,0.0,-0.9177932214542239,-1.4441661404548343
0.10099267959594727,-3.0043534718292904,0.0,-1.8647627872973502,3.2997541660615575,3.0,-3.0043534718292904,0.0,-2.220887128822286,3.7394518890019226
0.10099267959594727,3.000747443125306,0.0,-3.106308250770866,4.758767136032923,-3.0,3.000747443125306,0.0,-3.5838217801806427,4.659217114423356
0.10099267959594727,3.000747443125306,0.0,-2.042094918249488,4.158846172471997,-3.0,3.000747443125306,0.0,-2.482435009044052,4.538365606044381
0.10099267959594727,-3.0036005809790822,0.0,-2.6341441037454456,-4.424165199153849,-3.0,-3.0036005809790822,0.0,-2.2024725451112137,-4.0978383127072195
0.10099267959594727,3.000747443125306,0.0,-0.1929637604266632,1.7927757965686595,3.0,3.000747443125306,0.0,-0.3803064839898398,1.9320630733063204
0.10099267959594727,-3.0036005809790822,0.0,0.6989329604915535,-1.8680053650888373,3.0,-3.0036005809790822,0.0,0.9048843363929993,-2.2223599438862576
0.10099267959594727,-3.0036005809790822,0.0,-0.7746119991171683,-1.9970754874124457,-3.0,-3.0036005809790822,0.0,-0.5892148200094902,-1.6863013972876344
0.10099267959594727,-3.0043534718292904,0.0,-4.5809228377413564,3.054802520504057,3.0,-3.0043534718292904,0.0,1.4186875175000275,2.5611444437926547
0.10099267959594727,-0.1220023646312259,-1.3875989695175597,-0.4714198817950348,-2.0022811259791897,3.0,-0.2468404207694256,-1.0846209307297179,-0.2861129020707911,-1.6799105004192467
0.10099267959594727,-1.5855786576543096,-3.9387145042419434,-3.9373138697122223,-4.330331497952119,-3.0,-1.998659271599081,-4.241692543029785,-3.4910243659775717,-4.470815132260991
0.10099267959594727,3.0001322370121017,0.0,0.8681203867227789,2.0853779623908566,3.0,3.0001322370121017,0.0,0.6754549324385652,1.7414564766454843
0.10099267959594727,3.000747443125306,0.0,-4.178950894421046,4.2226049029676345,-3.0,3.000747443125306,0.0,-4.58242279989946,3.7567851192384256
0.10099267959594727,-3.0036005809790822,0.0,-1.7812880825513404,-3.612351710368561,-3.0,-3.0036005809790822,0.0,-1.441290816687467,-3.1196920166579725
0.10099267959594727,0.35776321299378555,-1.1409503191278476,-0.24101665652095372,-1.9563051738876367,0.49613811652544726,0.2450657686307648,-1.0908440012902667,-0.049069126708185085,-1.8604496400084516
0.10099267959594727,-3.0036005809790822,0.0,0.37653661311842646,-1.3698769362847598,3.0,-3.0036005809790822,0.0,0.5251756128186957,-1.5847189024300814
0.10099267959594727,2.8401877427208313,0.5380503757437589,0.36948323290194773,1.189351892273796,3.0,2.909826173922758,0.8410284145316007,0.25022710678757987,1.1826083060695651
0.10099267959594727,3.0001322370121017,0.0,1.4020731502236017,3.0068878062879425,3.0,3.0001322370121017,0.0,1.1224808613331816,2.5370392900218173
0.10099267959594727,3.0001322370121017,0.0,0.0649240116711538,0.9482732600054953,3.0,3.0001322370121017,0.0,-0.030014305006192732,0.9396576833624752
0.10099267959594727,3.000747443125306,0.0,-1.0898869292655378,2.881653101351442,3.0,3.000747443125306,0.0,-1.404079609469893,3.348723667535899
0.10099267959594727,0.4492258480736382,-1.8178682327270508,0.36939446561500455,-1.2957012000802541,-3.0,0.25033518210022976,-2.1208462715148926,0.5173425477236235,-1.6436104167349432
0.10099267959594727,1.7424675520774184,0.6418267871216885,-0.1798027620601883,0.47620532339859867,-3.0,1.7919880771473398,0.3388487483338467,-0.2252479478017979,0.4276668268474989
0.10099267959594727,-3.0036005809790822,0.0,0.2847016438283396,-1.2586502810983757,3.0,-3.0036005809790822,0.0,0.41987834753568043,-1.4287744926241162
0.10099267959594727,0.03284972078269757,0.7087892214117033,-3.132974381841557,-4.9209503088907125,-3.0,0.08913296152383611,0.4058111826238615,-2.647744062956996,-4.65272586131947
0.10099267959594727,3.000747443125306,0.0,-0.9018379795684415,2.599631447515036,3.0,3.000747443125306,0.0,-1.1852863443939676,3.0254026384727872
0.10099267959594727,3.000747443125306,0.0,-4.178950894421046,4.2226049029676345,3.0,3.000747443125306,0.0,-4.58242279989946,3.7567851192384256
0.10099267959594727,0.26563446409818425,0.0,-4.162208573093666,-3.930660188007055,3.0,0.28093374609613875,0.3029780387878418,-3.741160893707042,-4.391399183913302
0.10099267959594727,3.000747443125306,0.0,-1.404079609469893,3.348723667535899,3.0,3.000747443125306,0.0,-1.7671704392135035,3.8413467329955395
0.10099267959594727,3.000747443125306,0.0,-0.0715754922285714,1.748459058837871,-3.0,3.000747443125306,0.0,-0.2514184525847676,1.827676383366658
0.10099267959594727,3.0001322370121017,0.0,-2.036209385471049,3.8847297093714634,3.0,3.0001322370121017,0.0,-2.4490928097869156,4.270688195622886
0.10099267959594727,-3.0043534718292904,0.0,-2.6133277043538468,-4.064311417825738,-3.0,-3.0043534718292904,0.0,-2.218182830771728,-3.7366242599942026
0.10099267959594727,-3.0043534718292904,0.0,-0.7910920971893707,-1.0718252993595694,-3.0,-3.0043534718292904,0.0,-0.700036428034013,-0.7369147493127027
0.10099267959594727,3.000747443125306,0.0,-4.040392294496776,4.35307780331291,-3.0,3.000747443125306,0.0,-4.458533336553344,3.9122579823047325
0.10099267959594727,3.000747443125306,0.0,-1.5148013409993877,3.506123386531983,-3.0,3.000747443125306,0.0,-1.8937568812425636,3.994418234400685
0.10099267959594727,0.6175179500511376,-1.514890193939209,0.25384049824709676,-1.000847426490417,-3.0,0.4492258480736382,-1.8178682327270508,0.36939446561500455,-1.2957012000802541
0.10099267959594727,3.000747443125306,0.0,1.3462732756601414,3.264658247260325,3.0,3.000747443125306,0.0,1.04016470361544,2.8066826409596946
0.10099267959594727,3.000747443125306,0.0,0.16174735972434418,1.7776559778444028,-3.0,3.000747443125306,0.0,-0.01522702889639449,1.7415887340199951
0.10099267959594727,-3.0043534718292904,0.0,-0.6127368169029581,0.1434426005118038,-3.0,-3.0043534718292904,0.0,-0.641757009063435,0.43319670128495597
0.10099267959594727,-3.0043534718292904,0.0,-1.0845730529275799,-1.8605931361860308,-3.0,-3.0043534718292904,0.0,-0.9180367617908556,-1.444823012516047
0.10099267959594727,3.000747443125306,0.0,0.940796495083219,2.657567323279255,3.0,3.000747443125306,0.0,0.691236622964222,2.298682313702631
0.10099267959594727,-3.0036005809790822,0.0,-0.9052260581210043,-2.222976065038,3.0,-3.0036005809790822,0.0,-0.6992180766160669,-1.8685095004486265
0.10099267959594727,-3.0036005809790822,0.0,0.09371972326799183,-1.1101313146163143,3.0,-3.0036005809790822,0.0,0.20911534156706368,-1.1845030352247197
0.10099267959594727,3.000747443125306,0.0,-3.733136226134454,4.580950542206416,3.0,3.000747443125306,0.0,-4.178950894421046,4.2226049029676345
0.10099267959594727,1.3824820499488624,1.514890193939209,-0.16945247309263012,0.8415622290673043,3.0,1.5507741519263618,1.8178682327270508,-0.2669033668728553,1.0956179989682382
0.10099267959594727,0.020845952130912337,-1.2119121551513672,-0.04106714936264888,-1.9383518641258446,3.0,-0.08624902185476913,-0.9089341163635254,0.14762422934705954,-1.8141656529931853
0.10099267959594727,3.000747443125306,0.0,0.34679029575264186,1.9015887511635774,3.0,3.000747443125306,0.0,0.16174735972434418,1.7776559778444028
0.10099267959594727,3.000747443125306,0.0,-2.7811029958814424,4.6926972712834285,3.0,3.000747443125306,0.0,-3.2600070760040034,4.752187415342889
0.10099267959594727,-3.0036005809790822,0.0,0.16361289331759954,-1.1490565431930428,3.0,-3.0036005809790822,0.0,0.2847016438283396,-1.2586502810983757
0.10099267959594727,3.000747443125306,0.0,-3.106308250770866,4.758767136032923,3.0,3.000747443125306,0.0,-3.5838217801806427,4.659217114423356
0.10099267959594727,0.6175179500511376,-1.514890193939209,0.25384049824709676,-1.000847426490417,-3.0,0.4492258480736382,-1.8178682327270508,0.36939446561500455,-1.2957012000802541
0.10099267959594727,3.000747443125306,0.0,1.5673173533916223,3.578838062686581,-3.0,3.000747443125306,0.0,1.2306356777649863,3.093413454442135
0.10099267959594727,3.000747443125306,0.0,0.47352769887853396,2.0276929495117697,3.0,3.000747443125306,0.0,0.27863803056868575,1.8467319798221244
0.10099267959594727,-3.0043534718292904,0.0,-1.2952943735114766,-2.318903161935796,-3.0,-3.0043534718292904,0.0,-1.0845730529275799,-1.8605931361860308
0.10099267959594727,3.0001322370121017,0.0,-1.635664654536662,3.365164661809975,3.0,3.0001322370121017,0.0,-2.000033590338632,3.843322498848208
0.10099124908447266,1.0,0.0,0.02130700659273943,-0.01028268005813872,-3.0,0.9847007180020455,-0.3029780387878418,0.030568895230706605,-0.17389220889658216
0.10099267959594727,-0.2431236584737178,0.4302692632094911,1.5559321710014422,-3.2212560373507655,2.4422428573685124,-0.18721475857362693,0.6769179135992032,-4.376506506700464,-3.727176688058561
0.10099267959594727,3.000747443125306,0.0,-3.2600070760040034,4.752187415342889,-3.0,3.000747443125306,0.0,-3.733136226134454,4.580950542206416
0.10099267959594727,1.5507741519263618,1.8178682327270508,-0.2669033668728553,1.0956179989682382,3.0,1.7496648178997702,2.1208462715148926,-0.3923806340355367,1.3980359237778095
0.10099267959594727,0.7399122060347736,-0.3029780387878418,0.19225634655299695,-0.38313707897855764,-3.0,0.6940143600409101,-0.6059560775756836,0.24358239063705645,-0.6371502927228293
0.10099267959594727,-3.0043534718292904,0.0,-2.616268691152897,4.066095482397171,3.0,-3.0043534718292904,0.0,-3.0363034338771073,4.219188892141277
0.10099267959594727,3.000747443125306,0.0,-0.4518755065830793,2.004128506016662,3.0,3.000747443125306,0.0,-0.6667192308536909,2.2655292991527887
0.10099267959594727,1.9791540478690877,2.4238243103027344,-0.5511805592482593,1.7566052200666908,3.0,2.239241841834314,2.726802349090576,-0.7492223548800117,2.1752997962735363
0.10099267959594727,-3.0036005809790822,0.0,1.2342152485966138,-2.7855586190195627,-3.0,-3.0036005809790822,0.0,1.5397794689072497,-3.2703164505158075
0.10099267959594727,-3.0043534718292904,0.0,1.4182558392728724,2.5603271700688253,3.0,-3.0043534718292904,0.0,1.1839717988471627,2.0844864269185157
0.10099267959594727,-0.22394255983635958,0.0,0.7048083380464454,-2.004856345741876,3.0,-0.20864327783840508,0.3029780387878418,0.9192879864512924,-2.258665649671227
0.10099267959594727,-3.0043534718292904,0.0,0.9961976109302388,1.6474783848395318,3.0,-3.0043534718292904,0.0,0.8500634422553692,1.2537672493676089
0.10099267959594727,-3.0036005809790822,0.0,-1.2572126766448393,-2.8237195160799864,3.0,-3.0036005809790822,0.0,-0.9949856926473317,-2.378607123250745
0.10099267959594727,-0.4402070053631345,0.1272912244216493,0.2355806648144596,-1.0711310979082496,3.0,-0.41205224152178926,0.4302692632094911,0.3430949979049909,-1.0672903332668802
0.10099267959594727,-1.998659271599081,-4.241692543029785,-3.4910243659775717,-4.470815132260991,-3.0,-2.4423384495397613,-4.544670581817627,-3.04203892493848,-4.382603995120442
0.10099267959594727,2.851213121752494,3.3327584266662598,-1.285700665996409,3.1609540034076558,3.0,3.000747443125306,0.0,-1.630629446230993,3.6645038649285473
0.10099267959594727,-3.0036005809790822,0.0,-0.2465157714596864,-1.2189849153676517,3.0,-3.0036005809790822,0.0,-0.12853164745940004,-1.1270626406861404
0.10099267959594727,3.000747443125306,0.0,0.10468458575923334,1.7566180116563153,3.0,3.000747443125306,0.0,-0.0715754922285714,1.748459058837871
0.10099267959594727,3.0001322370121017,0.0,-2.000033590338632,3.843322498848208,3.0,3.0001322370121017,0.0,-2.409249294606543,4.240667652025411
0.10099267959594727,-3.0036005809790822,0.0,0.9048843363929993,-2.2223599438862576,3.0,-3.0036005809790822,0.0,1.1501098179721683,-2.6444244294618753
0.10099101066589355,1.0,0.0,0.02130700659273943,-0.01028268005813872,-3.0,0.9847007180020455,-0.3029780387878418,0.030568895230706605,-0.17389220889658216
0.10099267959594727,3.000747443125306,0.0,-2.80022964555025,4.699559262488006,3.0,3.000747443125306,0.0,-3.2793566734047173,4.749637960200567
0.10099267959594727,3.000747443125306,0.0,0.8569663980482409,2.5336114839030612,3.0,3.000747443125306,0.0,0.6185595958500065,2.2022133614094868
0.10099267959594727,-3.0043534718292904,0.0,-0.7910920971893707,-1.0718252993595694,-3.0,-3.0043534718292904,0.0,-0.700036428034013,-0.7369147493127027
0.10099267959594727,3.000747443125306,0.0,-0.5862316394879934,2.1609935273359815,-3.0,3.000747443125306,0.0,-0.8198181512212597,2.4795190572515096
0.10099267959594727,2.6893029282623417,0.23507233695591712,-4.385944914492486,3.603436051496021,-3.0,2.6977442314724507,-0.06790570183192468,1.5561226618879247,3.138970483248136
0.10099267959594727,-3.0043534718292904,0.0,-0.9190830451402623,1.4476431473833062,3.0,-3.0043534718292904,0.0,-1.0859202419197929,1.8637315376459331
0.10099267959594727,3.000747443125306,0.0,1.5673173533916223,3.578838062686581,-3.0,3.000747443125306,0.0,1.2306356777649863,3.093413454442135
0.10099267959594727,-3.0036005809790822,0.0,0.8378460850016292,-2.106130352633372,3.0,-3.0036005809790822,0.0,1.0702999456430855,-2.5083602237264806
0.10099267959594727,-3.0036005809790822,0.0,-0.43164775361112584,-1.4454066788404365,3.0,-3.0036005809790822,0.0,-0.2950532825898784,-1.2701608760344403
0.10099267959594727,-3.0043534718292904,0.0,0.8500634422553692,1.2537672493676089,3.0,-3.0043534718292904,0.0,0.7415692513068817,0.9010610745507043
0.10099267959594727,3.000747443125306,0.0,-0.2514184525847676,1.827676383366658,3.0,3.000747443125306,0.0,-0.44372151961461137,1.9954862903903483
0.10099267959594727,0.41469180519600873,0.979895952387045,-2.1314374393989834,-4.092103706723777,-3.0,0.4983548411548467,0.6769179135992032,-1.7439895194606891,-3.578439054909839
0.10099267959594727,-3.0043534718292904,0.0,0.6090830897228448,-0.0007785897614749245,3.0,-3.0043534718292904,0.0,0.6235222868047647,-0.2861398531294229
0.10099267959594727,0.7858100520286371,-0.6059560775756836,0.15048534370615174,-0.4476460102778241,3.0,0.7399122060347736,-0.3029780387878418,0.19225634655299695,-0.38313707897855764
0.10099267959594727,-3.0036005809790822,0.0,0.575490269341079,-1.6641532409325208,3.0,-3.0036005809790822,0.0,0.7583596606500342,-1.9691438310760137
0.10099267959594727,3.000747443125306,0.0,-0.6575088750861906,2.2532581726611927,3.0,3.000747443125306,0.0,-0.9018379795684415,2.599631447515036
0.10099267959594727,-3.0043534718292904,0.0,-2.6169541633111817,4.066509906063709,3.0,-3.0043534718292904,0.0,-3.03701468693766,4.219275504431485
0.10099267959594727,-3.0036005809790822,0.0,-1.9258823990192835,-3.7960667728361073,3.0,-3.0036005809790822,0.0,-1.5667657050066812,-3.310580317534817
0.10099267959594727,-3.0036005809790822,0.0,0.3349262599692877,-1.3169769795790807,3.0,-3.0036005809790822,0.0,0.4772215546017722,-1.511738408294335
0.10099267959594727,0.11481763826906534,0.10283314383601971,-2.19891413357367,-4.215363445390742,-3.0,0.10990375101838558,-0.20014489495182208,-1.7987447215838839,-3.7049415622080644
0.10099267959594727,-3.0036005809790822,0.0,-1.1505189584755038,-2.6451395982950254,3.0,-3.0036005809790822,0.0,-0.9052260581210043,-2.222976065038
0.10099267959594727,-3.0036005809790822,0.0,1.1501098179721683,-2.6444244294618753,-1.5850172295167795,-3.0036005809790822,0.0,1.4408058871909364,-3.1189151922776213
0.10099267959594727,3.000747443125306,0.0,-0.9990241443212811,2.7447099800740484,3.0,3.000747443125306,0.0,-1.2984020628310966,3.1941452976838756
0.10099267959594727,-0.5413786269052314,-0.20014489495182208,-0.03532290235007496,-1.039922805272043,3.0,-0.5462925141559112,0.10283314383601971,0.0620123455314423,-0.8957079943172968
0.10099267959594727,-0.5299281997954495,-3.029780387878418,1.2124370063094978,-3.018716121384629,-3.0,-0.8512131217524939,-3.3327584266662598,1.5433603714740962,-3.5318158522425023
0.10099267959594727,3.000747443125306,0.0,-0.9018379795684415,2.599631447515036,3.0,3.000747443125306,0.0,-1.1852863443939676,3.0254026384727872
0.10099267959594727,3.000747443125306,0.0,0.09752432842446934,1.7546030075855603,3.0,3.000747443125306,0.0,-0.07870968988892502,1.7499571864205932
0.10099267959594727,3.0001322370121017,0.0,-0.030014305006192732,0.9396576833624752,3.0,3.0001322370121017,0.0,-0.12645822657480688,0.9781904945610557
0.10099267959594727,2.7146268378926686,-0.06790570183192468,1.0186521675519136,2.165048440632581,3.0,2.7230681411027775,0.23507233695591712,0.815846042489548,1.865440450048956
0.10099267959594727,-0.3557427138390988,0.4302692632094911,0.6143967432623181,-1.5249926760976251,-3.0,-0.32758794999775354,0.1272912244216493,0.7899106730340946,-1.9590004629021882
0.10099267959594727,-3.0043534718292904,0.0,-0.9180367617908556,-1.444823012516047,-3.0,-3.0043534718292904,0.0,-0.7912728583789108,-1.0724134066986872
0.10099267959594727,0.5104229760654562,-0.6059560775756836,0.6040283613030151,-1.3909313519408864,3.0,0.4645251300715927,-0.3029780387878418,0.7536014762083387,-1.5830968464653428
0.10099267959594727,-1.998659271599081,-4.241692543029785,-3.4910243659775717,-4.470815132260991,-3.0,-2.4423384495397613,-4.544670581817627,-3.04203892493848,-4.382603995120442
0.10099267959594727,-3.0036005809790822,0.0,-1.4665479082760204,-3.158909385759146,-3.0,-3.0036005809790822,0.0,-1.1719434393693118,-2.6813607178614123
0.10099267959594727,-3.0043534718292904,0.0,-0.641757009063435,0.43319670128495597,-3.0,-3.0043534718292904,0.0,-0.7008197947412556,0.7402679163922425
0.10099267959594727,3.000747443125306,0.0,-0.2588822169369931,1.8327138928851436,3.0,3.000747443125306,0.0,-0.4518755065830793,2.004128506016662
0.10099267959594727,-3.0043534718292904,0.0,-1.086234475066505,1.864463155883266,3.0,-3.0043534718292904,0.0,-1.2973647742868413,2.3231147982975555
0.10099267959594727,-1.998659271599081,-4.241692543029785,-3.4910243659775717,-4.470815132260991,-3.0,-2.4423384495397613,-4.544670581817627,-3.04203892493848,-4.382603995120442
0.10099267959594727,1.244788511967272,1.2119121551513672,-0.09559587284276594,0.6268454801728142,3.0,1.3824820499488624,1.514890193939209,-0.16945247309263012,0.8415622290673043
0.10099267959594727,1.3463033515180478,0.6418267871216885,-0.024545169847641102,0.15485889006843573,-3.0,1.3958238765879691,0.3388487483338467,-0.033253503423275266,0.018320339734993214
0.10099267959594727,3.000747443125306,0.0,-4.701242143886359,3.598798483296623,3.0,3.000747443125306,0.0,1.2432784895158453,3.112272130262367
0.10099267959594727,3.000747443125306,0.0,-0.5862316394879934,2.1609935273359815,3.0,3.000747443125306,0.0,-0.8198181512212597,2.4795190572515096
0.10099267959594727,3.000747443125306,0.0,1.04016470361544,2.8066826409596946,3.0,3.000747443125306,0.0,0.7770051433649505,2.4181365573329336
0.10099267959594727,3.000747443125306,0.0,-0.6575088750861906,2.2532581726611927,3.0,3.000747443125306,0.0,-0.9018379795684415,2.599631447515036
0.10099267959594727,3.000747443125306,0.0,-0.13549094235471282,1.7668843242877739,3.0,3.000747443125306,0.0,-0.3187920005680902,1.877823790164637
0.10099267959594727,3.000747443125306,0.0,-1.1976516668351782,3.0439440195602105,3.0,3.000747443125306,0.0,-1.5291257894249424,3.526059967120475
0.10099267959594727,3.000747443125306,0.0,-0.8198181512212597,2.4795190572515096,3.0,3.000747443125306,0.0,-1.0898869292655378,2.881653101351442
0.10099267959594727,3.000747443125306,0.0,-1.7671704392135035,3.8413467329955395,3.0,3.000747443125306,0.0,-2.178677419669221,4.2947253070461135
0.10099267959594727,-3.0036005809790822,0.0,-2.4634716922326843,-4.317285325119549,3.0,-3.0036005809790822,0.0,-2.0456646356519834,-3.9350675368298744
0.10099267959594727,3.000747443125306,0.0,-0.0715754922285714,1.748459058837871,3.0,3.000747443125306,0.0,-0.2514184525847676,1.827676383366658
0.10099267959594727,2.851213121752494,3.3327584266662598,-1.285700665996409,3.1609540034076558,3.0,3.000747443125306,0.0,-1.630629446230993,3.6645038649285473
0.10099267959594727,-0.02343351995844101,0.4058111826238615,-3.618603485134767,-4.660228220772025,3.0,0.03284972078269757,0.7087892214117033,-3.132974381841557,-4.9209503088907125
0.10099267959594727,3.000747443125306,0.0,-0.1929637604266632,1.7927757965686595,3.0,3.000747443125306,0.0,-0.3803064839898398,1.9320630733063204
0.10099267959594727,0.28093374609613875,-0.3029780387878418,-4.533326082357428,-3.416652569190591,3.0,0.26563446409818425,0.0,-4.162208573093666,-3.930660188007055
0.10099267959594727,-3.0036005809790822,0.0,0.12836492483943074,-1.1269622725567134,3.0,-3.0036005809790822,0.0,0.24633437290184856,-1.2187937992167799
0.10099267959594727,2.909826173922758,0.8410284145316007,0.25022710678757987,1.1826083060695651,-3.0,2.979464605124685,0.5380503757437589,0.14354366200119228,0.938195176435257
0.10099267959594727,-3.0043534718292904,0.0,0.9973905577966087,-1.6504582296209926,-3.0,-3.0043534718292904,0.0,1.18583302755895,-2.0885400682204325
0.10099267959594727,3.0001322370121017,0.0,-0.2292318919964793,1.0654212452647003,3.0,3.0001322370121017,0.0,-0.3434077665968567,1.204684680236747
0.10099267959594727,3.000747443125306,0.0,-0.3187920005680902,1.877823790164637,-3.0,3.000747443125306,0.0,-0.5177865866023788,2.0779406365173294
0.10099267959594727,3.000747443125306,0.0,-2.482435009044052,4.538365606044381,3.0,3.000747443125306,0.0,-2.952789618500605,4.741056379496406
0.10099267959594727,-1.2030966077054472,-3.6357364654541016,-4.359056062787467,-3.994134674935463,-3.0,-1.5855786576543096,-3.9387145042419434,-3.9373138697122223,-4.330331497952119
0.10099267959594727,-3.0036005809790822,0.0,-0.3351233303663652,-1.3172345102437406,3.0,-3.0036005809790822,0.0,-0.20929125068496512,-1.1846656959024837
0.10099267959594727,3.0001322370121017,0.0,0.25913399429681716,1.098229094050277,3.0,3.0001322370121017,0.0,0.15375500976740986,0.9971409848790134
0.10099267959594727,-3.0036005809790822,0.0,-0.059677393204138784,-1.0985518082706955,3.0,-3.0036005809790822,0.0,0.05069654988520744,-1.0963305514447417
0.10099267959594727,3.000747443125306,0.0,-4.701242143886359,3.598798483296623,-3.0,3.000747443125306,0.0,1.2432784895158453,3.112272130262367
0.10099267959594727,0.5738852210847956,0.07096183602351958,-1.1184473707555633,-2.661531206784687,-3.0,0.5657525650559065,-0.23201620276432222,-0.8671642778035129,-2.3313646477851004
0.10099267959594727,-3.0043534718292904,0.0,-4.5809228377413564,3.054802520504057,3.0,-3.0043534718292904,0.0,1.4186875175000275,2.5611444437926547
0.10099267959594727,3.0001322370121017,0.0,-1.3207265094010965,2.8741486647694967,3.0,3.0001322370121017,0.0,-1.635664654536662,3.365164661809975
0.10099267959594727,3.000747443125306,0.0,-0.3187920005680902,1.877823790164637,3.0,3.000747443125306,0.0,-0.5177865866023788,2.0779406365173294
0.10099267959594727,3.000747443125306,0.0,-1.9100662951572258,4.013294467279038,3.0,3.000747443125306,0.0,-2.337479275714639,4.432551047958416
0.10099267959594727,3.000747443125306,0.0,-4.701242143886359,3.598798483296623,3.0,3.000747443125306,0.0,1.2432784895158453,3.112272130262367
0.10099267959594727,-3.0043534718292904,0.0,-0.6413717643862022,-0.43057821140318875,-3.0,-3.0043534718292904,0.0,-0.6126099977792063,-0.14092645820938418
0.10099267959594727,3.000747443125306,0.0,-3.733136226134454,4.580950542206416,3.0,3.000747443125306,0.0,-4.178950894421046,4.2226049029676345
0.10099267959594727,-0.383897477680444,0.1272912244216493,0.4672936880811345,-1.4004578016629017,3.0,-0.3557427138390988,0.4302692632094911,0.6143967432623181,-1.5249926760976251
0.10099267959594727,3.0001322370121017,0.0,-2.8513099720770545,4.4819718934044825,3.0,3.0001322370121017,0.0,-3.307394736678472,4.512650431372875
0.10099267959594727,0.8623064620184095,-0.9089341163635254,0.1010566016511878,-0.5354131782016482,-3.0,0.7552114880327281,-1.2119121551513672,0.16573697615548033,-0.7505520939305812
0.10099267959594727,-3.0043534718292904,0.0,-1.8653191042386283,3.3005454919042596,3.0,-3.0043534718292904,0.0,-2.221517556992851,3.740109938683191
0.10099267959594727,-3.0043534718292904,0.0,0.7415692513068817,0.9010610745507043,3.0,-3.0043534718292904,0.0,0.6669468348890608,0.5814151644139761
0.10099267959594727,-3.0043534718292904,0.0,-1.5560229661321476,2.810872604689938,3.0,-3.0043534718292904,0.0,-1.8647627872973502,3.2997541660615575
0.10099267959594727,3.000747443125306,0.0,-3.413102491389902,4.721505069290032,3.0,3.000747443125306,0.0,-3.8796018641972982,4.483248713326376
0.10099267959594727,-0.08842929470910682,-1.1090790113153475,-0.8872498357657368,-2.431164167632501,-3.0,-0.21573743794342254,-1.4120570501031893,-0.6544908181671869,-2.1961093448829225
0.10099267959594727,-3.0043534718292904,0.0,-1.8623767961938804,-3.2963566338287267,-3.0,-3.0043534718292904,0.0,-1.553990712596788,-2.8073245085998346
0.10099267959594727,0.010709877339953652,1.2828739911748868,-3.525815927532458,-4.632610886496438,3.0,0.15557004129060764,1.5858520299627286,-3.0449785806574714,-4.852272933483982
0.10099267959594727,3.000747443125306,0.0,0.34679029575264186,1.9015887511635774,-3.0,3.000747443125306,0.0,0.16174735972434418,1.7776559778444028
0.10099267959594727,-3.0043534718292904,0.0,-0.7922308623615195,1.0755269008059511,3.0,-3.0043534718292904,0.0,-0.9193271292543703,1.4483006102869935
0.10099267959594727,-3.0043534718292904,0.0,-4.578711559897858,-3.0583199304673503,3.0,-3.0043534718292904,0.0,-4.245622992894946,-3.5299226813845923
0.10099267959594727,3.0001322370121017,0.0,-0.03881451758989529,0.941237244793278,3.0,3.0001322370121017,0.0,-0.13563992979531259,0.9841911994974576
0.10099267959594727,3.000747443125306,0.0,-0.01522702889639449,1.7415887340199951,3.0,3.000747443125306,0.0,-0.1929637604266632,1.7927757965686595
0.10099267959594727,3.000747443125306,0.0,-4.3131088042509305,4.081137786518505,3.0,3.000747443125306,0.0,-4.701242143886359,3.598798483296623
0.10099267959594727,3.000747443125306,0.0,1.133082936652412,2.946860380230646,3.0,3.000747443125306,0.0,0.8569663980482409,2.5336114839030612
0.10099267959594727,-3.0043534718292904,0.0,-3.033251182970624,-4.2188105930051965,-3.0,-3.0043534718292904,0.0,-2.6133277043538468,-4.064311417825738
0.10099267959594727,3.000747443125306,0.0,-2.6305197156773876,4.625840486201121,3.0,3.000747443125306,0.0,-3.106308250770866,4.758767136032923
0.10099267959594727,-3.0036005809790822,0.0,-2.2024725451112137,-4.0978383127072195,3.0,-3.0036005809790822,0.0,-1.810508672556257,-3.650842097627199
0.10099267959594727,-3.0036005809790822,0.0,-0.3767421511460154,-1.3701650809155188,3.0,-3.0036005809790822,0.0,-0.2465157714596864,-1.2189849153676517
0.10099267959594727,-2.4423384495397613,-4.544670581817627,-3.04203892493848,-4.382603995120442,3.0,-2.8860176274804417,-4.241692543029785,-2.598145415236177,-4.369850717956342
0.10099267959594727,2.979464605124685,0.5380503757437589,0.14354366200119228,0.938195176435257,3.0,3.0001322370121017,0.0,0.04722717677422539,0.9431248860265938
0.10099267959594727,3.000747443125306,0.0,-1.5291257894249424,3.526059967120475,3.0,3.000747443125306,0.0,-1.9100662951572258,4.013294467279038
0.10099267959594727,3.000747443125306,0.0,-2.178677419669221,4.2947253070461135,3.0,3.000747443125306,0.0,-2.6305197156773876,4.625840486201121
0.10099267959594727,0.5257222580634107,-0.3029780387878418,-1.219413079070295,-2.951302530859699,-3.0,0.4798244120695472,-0.6059560775756836,-0.9405534234295989,-2.5881180692315082
0.10099267959594727,3.000747443125306,0.0,-3.2600070760040034,4.752187415342889,-3.0,3.000747443125306,0.0,-3.733136226134454,4.580950542206416
0.10099267959594727,-3.0036005809790822,0.0,-1.0706873028669581,-2.5090475121025806,3.0,-3.0036005809790822,0.0,-0.8381692010174242,-2.1067125804925904
0.10099267959594727,-3.0043534718292904,0.0,-0.641757009063435,0.43319670128495597,3.0,-3.0043534718292904,0.0,-0.7008197947412556,0.7402679163922425
0.10099267959594727,3.000747443125306,0.0,-2.482435009044052,4.538365606044381,3.0,3.000747443125306,0.0,-2.952789618500605,4.741056379496406
0.10099267959594727,-3.0036005809790822,0.0,-4.238130445022167,-3.9343708070060206,-3.0,-3.0036005809790822,0.0,-3.8203844419174495,-4.316793739606952
0.10099267959594727,0.25033518210022976,-2.1208462715148926,0.5173425477236235,-1.6436104167349432,-3.0,0.020845952130912337,-2.4238243103027344,0.7033557400251689,-2.0499900370790107
0.10099267959594727,-3.0043534718292904,0.0,-1.55649687249486,2.8116993812828186,3.0,-3.0043534718292904,0.0,-1.8653191042386283,3.3005454919042596
0.10099267959594727,3.000747443125306,0.0,-1.7671704392135035,3.8413467329955395,3.0,3.000747443125306,0.0,-2.178677419669221,4.2947253070461135
0.10099267959594727,3.000747443125306,0.0,0.16174735972434418,1.7776559778444028,3.0,3.000747443125306,0.0,-0.01522702889639449,1.7415887340199951
0.10099267959594727,3.000747443125306,0.0,0.10468458575923334,1.7566180116563153,3.0,3.000747443125306,0.0,-0.0715754922285714,1.748459058837871
0.10099267959594727,-3.0043534718292904,0.0,-0.6413717643862022,-0.43057821140318875,-3.0,-3.0043534718292904,0.0,-0.6126099977792063,-0.14092645820938418
0.10099267959594727,0.8623064620184095,-0.9089341163635254,0.1010566016511878,-0.5354131782016482,-3.0,0.7552114880327281,-1.2119121551513672,0.16573697615548033,-0.7505520939305812
0.10099267959594727,3.000747443125306,0.0,-0.9124649078530997,2.615355113588213,3.0,3.000747443125306,0.0,-1.1976516668351782,3.0439440195602105
0.10099267959594727,0.938802872008182,-0.6059560775756836,0.056721154992524614,-0.346138822896029,-3.0,0.8623064620184095,-0.9089341163635254,0.1010566016511878,-0.5354131782016482
0.10099267959594727,3.000747443125306,0.0,-3.2793566734047173,4.749637960200567,-3.0,3.000747443125306,0.0,-3.7517711858335763,4.569666101241007
0.10099267959594727,0.4798244120695472,0.6059560775756836,-2.330304360048635,-4.413925409363797,-3.0,0.5257222580634107,0.3029780387878418,-1.9092491825969504,-3.9154615741194987
0.10099267959594727,-3.0043534718292904,0.0,-3.458481757644894,-4.16742358470683,-3.0,-3.0043534718292904,0.0,-3.033251182970624,-4.2188105930051965
0.10099267959594727,-3.0036005809790822,0.0,0.37653661311842646,-1.3698769362847598,3.0,-3.0036005809790822,0.0,0.5251756128186957,-1.5847189024300814
0.10099267959594727,-3.0043534718292904,0.0,-0.6127368169029581,0.1434426005118038,-3.0,-3.0043534718292904,0.0,-0.641757009063435,0.43319670128495597
0.10099267959594727,-3.0043534718292904,0.0,-3.0363034338771073,4.219188892141277,3.0,-3.0043534718292904,0.0,-3.4614962932268143,4.166312717607925
0.10099267959594727,3.000747443125306,0.0,-1.7671704392135035,3.8413467329955395,-3.0,3.000747443125306,0.0,-2.178677419669221,4.2947253070461135
0.10099267959594727,0.6022186680531831,-0.6059560775756836,0.3856811773932516,-0.93560663527444,3.0,0.5563208220593197,-0.3029780387878418,0.483323793478164,-1.006391303175303
0.10099267959594727,-3.0043534718292904,0.0,-2.220887128822286,3.7394518890019226,3.0,-3.0043534718292904,0.0,-2.616268691152897,4.066095482397171
0.10099267959594727,3.000747443125306,0.0,0.09752432842446934,1.7546030075855603,3.0,3.000747443125306,0.0,-0.07870968988892502,1.7499571864205932
0.10099267959594727,3.000747443125306,0.0,0.9516602033111581,2.6737598401063183,3.0,3.000747443125306,0.0,0.700632942923265,2.3114793449243085
0.10099267959594727,-3.0043534718292904,0.0,-0.6416840361816907,0.4327017428304351,-3.0,-3.0043534718292904,0.0,-0.7006950589286043,0.7397347429053633
0.10099267959594727,3.000747443125306,0.0,-0.44372151961461137,1.9954862903903483,3.0,3.000747443125306,0.0,-0.6575088750861906,2.2532581726611927
0.10099267959594727,-3.0043534718292904,0.0,-1.0859202419197929,1.8637315376459331,3.0,-3.0043534718292904,0.0,-1.2969732288739917,2.322318694420203
0.10099267959594727,-3.0043534718292904,0.0,-4.248175579540453,3.526751688141285,3.0,-3.0043534718292904,0.0,-4.5809228377413564,3.054802520504057
0.10099267959594727,3.000747443125306,0.0,-0.2514184525847676,1.827676383366658,3.0,3.000747443125306,0.0,-0.44372151961461137,1.9954862903903483
0.10099267959594727,3.000747443125306,0.0,0.6185595958500065,2.2022133614094868,3.0,3.000747443125306,0.0,0.40914050955226733,1.9600382648691983
0.10099267959594727,-0.34304558117773826,-1.1090790113153475,-0.4528504098328203,-1.8085489487148512,3.0,-0.439755160416145,-0.8061009725275057,-0.28687012269820444,-1.4896871671024423
0.10099267959594727,1.6434265019375758,0.6418267871216885,-0.11411481812490853,0.3341565573734832,-3.0,1.692947027007497,0.3388487483338467,-0.14338065346060036,0.24789579194239986
0.10099267959594727,-3.0036005809790822,0.0,0.7583596606500342,-1.9691438310760137,3.0,-3.0036005809790822,0.0,0.975623968616675,-2.3450444073039796
0.10099267959594727,0.8623064620184095,-0.9089341163635254,0.1010566016511878,-0.5354131782016482,-3.0,0.7552114880327281,-1.2119121551513672,0.16573697615548033,-0.7505520939305812
0.10099267959594727,3.0001322370121017,0.0,-4.212050630483512,3.923603921170018,3.0,3.0001322370121017,0.0,-4.585095854322793,3.4545590052747874
0.10099267959594727,-0.18721475857362693,0.6769179135992032,-4.376506506700464,-3.727176688058561,3.0,-0.10355172261479147,0.979895952387045,-3.974415709247222,-4.2274557197805525
0.10099267959594727,3.000747443125306,0.0,1.3462732756601414,3.264658247260325,3.0,3.000747443125306,0.0,1.04016470361544,2.8066826409596946
0.10099267959594727,-3.0036005809790822,0.0,-3.0896420702087473,-4.560274256870975,3.0,-3.0036005809790822,0.0,-2.6341441037454456,-4.424165199153849
0.10099267959594727,-3.0036005809790822,0.0,-1.346957933941177,-2.970162623825524,3.0,-3.0036005809790822,0.0,-1.0706873028669581,-2.5090475121025806
0.10099267959594727,-3.0036005809790822,0.0,-1.346957933941177,-2.970162623825524,-3.0,-3.0036005809790822,0.0,-1.0706873028669581,-2.5090475121025806
0.10099267959594727,2.27147234105078,0.23507233695591712,-1.9479791852646522,3.6869533543596984,3.0,2.310512208256798,0.5380503757437589,-2.338460651297091,4.020283587679831
0.10099267959594727,3.000747443125306,0.0,0.7770051433649505,2.4181365573329336,-3.0,3.000747443125306,0.0,0.5488512127123832,2.114924582426332
0.10099267959594727,-0.5299281997954495,-3.029780387878418,1.2124370063094978,-3.018716121384629,-3.0,-0.8512131217524939,-3.3327584266662598,1.5433603714740962,-3.5318158522425023
0.10099267959594727,-3.0043534718292904,0.0,-3.458481757644894,-4.16742358470683,3.0,-3.0043534718292904,0.0,-3.033251182970624,-4.2188105930051965
0.10099267959594727,-3.0036005809790822,0.0,1.0702999456430855,-2.5083602237264806,3.0,-3.0036005809790822,0.0,1.346496946361896,-2.9693989142659825
0.10099267959594727,3.000747443125306,0.0,-4.040392294496776,4.35307780331291,-3.0,3.000747443125306,0.0,-4.458533336553344,3.9122579823047325
0.10099267959594727,3.000747443125306,0.0,-0.5862316394879934,2.1609935273359815,3.0,3.000747443125306,0.0,-0.8198181512212597,2.4795190572515096
0.10099267959594727,3.000747443125306,0.0,0.041043542861829874,1.7436353936530495,-3.0,3.000747443125306,0.0,-0.13549094235471282,1.7668843242877739
0.10099267959594727,3.000747443125306,0.0,-1.1852863443939676,3.0254026384727872,3.0,3.000747443125306,0.0,-1.5148013409993877,3.506123386531983
0.10099267959594727,-1.5855786576543096,-3.9387145042419434,-3.9373138697122223,-4.330331497952119,-3.0,-1.998659271599081,-4.241692543029785,-3.4910243659775717,-4.470815132260991
0.10099267959594727,2.5299281997954495,3.029780387878418,-0.9924541818928412,2.649790616387527,3.0,2.851213121752494,3.3327584266662598,-1.285700665996409,3.1609540034076558
0.10099267959594727,-3.0043534718292904,0.0,-1.861821112810413,-3.295564527683952,-3.0,-3.0043534718292904,0.0,-1.5535174793111488,-2.8064976818952325
0.10099267959594727,3.000747443125306,0.0,-0.1929637604266632,1.7927757965686595,-3.0,3.000747443125306,0.0,-0.3803064839898398,1.9320630733063204
0.10099267959594727,3.000747443125306,0.0,-3.8978347142565597,4.46968499334186,-3.0,3.000747443125306,0.0,-4.329695278658194,4.062683652130213
0.10099267959594727,-3.0036005809790822,0.0,-0.6992180766160669,-1.8685095004486265,3.0,-3.0036005809790822,0.0,-0.5254154739172141,-1.5851117633792926
0.10099267959594727,-0.04420430945299181,-0.2001448949518221,-4.46990594338272,-3.717985222730263,3.0,-0.04911819670367087,0.10283314383601969,-4.068446254171683,-4.227339509299088
0.10099267959594727,-3.0036005809790822,0.0,-2.0456646356519834,-3.9350675368298744,-3.0,-3.0036005809790822,0.0,-1.671687247481517,-3.462295564508076
0.10099267959594727,-3.0043534718292904,0.0,-0.6126099977792063,-0.14092645820938418,-3.0,-3.0043534718292904,0.0,-0.6127126897697956,0.14296704825426157
0.10099267959594727,-3.0043534718292904,0.0,0.6235705452236613,-0.2866226353298968,3.0,-3.0043534718292904,0.0,0.667368246198905,-0.5836108669401722
0.10099267959594727,2.2324324738447623,0.5380503757437589,-1.601671888691611,3.173951306540912,-3.0,2.27147234105078,0.23507233695591712,-1.9479791852646522,3.6869533543596984
0.10099267959594727,-0.8512131217524939,-3.3327584266662598,1.5433603714740962,-3.5318158522425023,-3.0,-1.2030966077054472,-3.6357364654541016,-4.359056062787467,-3.994134674935463
0.10099267959594727,3.000747443125306,0.0,-1.1976516668351782,3.0439440195602105,3.0,3.000747443125306,0.0,-1.5291257894249424,3.526059967120475
0.10099267959594727,2.5299281997954495,3.029780387878418,-0.9924541818928412,2.649790616387527,3.0,2.851213121752494,3.3327584266662598,-1.285700665996409,3.1609540034076558
0.10099267959594727,-3.0043534718292904,0.0,1.1843232591582153,2.0852522344207944,3.0,-3.0043534718292904,0.0,0.9961976109302388,1.6474783848395318
0.10099267959594727,1.0152992819979545,0.3029780387878418,0.015209388959758652,0.1315421208175412,3.0,1.061197127991818,0.6059560775756836,-0.005485547645382116,0.2799982054012347
0.10099267959594727,3.000747443125306,0.0,-3.733136226134454,4.580950542206416,-3.0,3.000747443125306,0.0,-4.178950894421046,4.2226049029676345
0.10099267959594727,3.000747443125306,0.0,-1.9100662951572258,4.013294467279038,-3.0,3.000747443125306,0.0,-2.337479275714639,4.432551047958416
0.10099267959594727,-3.0036005809790822,0.0,-1.5667657050066812,-3.310580317534817,3.0,-3.0036005809790822,0.0,-1.2572126766448393,-2.8237195160799864
0.10099267959594727,-3.0043534718292904,0.0,0.9959199409718837,1.6467843849352304,3.0,-3.0043534718292904,0.0,0.8498521345736854,1.2531460827760057
0.10099267959594727,3.000747443125306,0.0,-4.458533336553344,3.9122579823047325,3.0,3.000747443125306,0.0,1.454255228116247,3.420742102660544
0.10099267959594727,3.000747443125306,0.0,-4.58242279989946,3.7567851192384256,3.0,3.000747443125306,0.0,1.3462732756601414,3.264658247260325
0.10099267959594727,-3.0043534718292904,0.0,-1.0842594233677691,-1.8598620901724838,-3.0,-3.0043534718292904,0.0,-0.9177932214542239,-1.4441661404548343
0.10099267959594727,3.000747443125306,0.0,-0.7415400193779491,2.368058159583148,3.0,3.000747443125306,0.0,-0.9990241443212811,2.7447099800740484
0.10099267959594727,3.000747443125306,0.0,-3.2793566734047173,4.749637960200567,3.0,3.000747443125306,0.0,-3.7517711858335763,4.569666101241007
0.10099267959594727,3.000747443125306,0.0,-2.80022964555025,4.699559262488006,-3.0,3.000747443125306,0.0,-3.2793566734047173,4.749637960200567
0.10099267959594727,1.1977417763082838,0.3388487483338467,-0.00436344128126942,-0.01669341291549599,3.0,1.2472623013782052,0.6418267871216885,-0.010454493587083835,0.1378184421902911
0.10099267959594727,-3.0036005809790822,0.0,-0.5382408973809736,-1.605136265360591,3.0,-3.0036005809790822,0.0,-0.38781584990151474,-1.3848954626066985
0.10099267959594727,3.000747443125306,0.0,0.4818138651672714,2.0368693511917306,-3.0,3.000747443125306,0.0,0.2861804261713172,1.8522947153271114
0.10099267959594727,-3.0036005809790822,0.0,0.8378460850016292,-2.106130352633372,3.0,-3.0036005809790822,0.0,1.0702999456430855,-2.5083602237264806
0.10099267959594727,1.244788511967272,1.2119121551513672,-0.09559587284276594,0.6268454801728142,3.0,1.3824820499488624,1.514890193939209,-0.16945247309263012,0.8415622290673043
0.10099267959594727,0.5514193131177756,0.3739398748113614,-1.4079211717932343,-3.085246138183515,-3.0,0.5738852210847956,0.07096183602351958,-1.1184473707555633,-2.661531206784687
0.10099267959594727,1.5507741519263618,1.8178682327270508,-0.2669033668728553,1.0956179989682382,3.0,1.7496648178997702,2.1208462715148926,-0.3923806340355367,1.3980359237778095
0.10099267959594727,-3.0043534718292904,0.0,-2.218182830771728,-3.7366242599942026,-3.0,-3.0043534718292904,0.0,-1.8623767961938804,-3.2963566338287267
0.10099267959594727,-3.0043534718292904,0.0,-1.8653191042386283,3.3005454919042596,3.0,-3.0043534718292904,0.0,-2.221517556992851,3.740109938683191
0.10099267959594727,3.000747443125306,0.0,0.09752432842446934,1.7546030075855603,3.0,3.000747443125306,0.0,-0.07870968988892502,1.7499571864205932
0.10099267959594727,-3.0036005809790822,0.0,-0.20929125068496512,-1.1846656959024837,3.0,-3.0036005809790822,0.0,-0.09388375049249342,-1.1102046623065256
0.10099267959594727,3.000747443125306,0.0,-4.329695278658194,4.062683652130213,-3.0,3.000747443125306,0.0,1.5673173533916223,3.578838062686581
0.10099267959594727,3.000747443125306,0.0,0.7770051433649505,2.4181365573329336,3.0,3.000747443125306,0.0,0.5488512127123832,2.114924582426332
0.10099267959594727,3.000747443125306,0.0,1.2306356777649863,3.093413454442135,3.0,3.000747443125306,0.0,0.940796495083219,2.657567323279255
0.10099267959594727,-3.0043534718292904,0.0,0.9973905577966087,-1.6504582296209926,3.0,-3.0043534718292904,0.0,1.18583302755895,-2.0885400682204325
0.10099267959594727,3.000747443125306,0.0,-3.8796018641972982,4.483248713326376,-3.0,3.000747443125306,0.0,-4.3131088042509305,4.081137786518505
0.10099267959594727,-3.0036005809790822,0.0,-3.371817007112553,-4.53326275402221,3.0,-3.0036005809790822,0.0,-2.9120736703558223,-4.533441228143463
0.10099267959594727,1.9791540478690877,2.4238243103027344,-0.5511805592482593,1.7566052200666908,3.0,2.239241841834314,2.726802349090576,-0.7492223548800117,2.1752997962735363
0.10099267959594727,1.1376935379815905,0.9089341163635254,-0.041817751458584684,0.4424785909482284,3.0,1.244788511967272,1.2119121551513672,-0.09559587284276594,0.6268454801728142
0.10099267959594727,0.25033518210022976,-2.1208462715148926,0.5173425477236235,-1.6436104167349432,-3.0,0.020845952130912337,-2.4238243103027344,0.7033557400251689,-2.0499900370790107
0.10099267959594727,3.000747443125306,0.0,-2.042094918249488,4.158846172471997,3.0,3.000747443125306,0.0,-2.482435009044052,4.538365606044381
0.10099267959594727,-3.0036005809790822,0.0,1.2342152485966138,-2.7855586190195627,3.0,-3.0036005809790822,0.0,1.5397794689072497,-3.2703164505158075
0.10099267959594727,3.000747443125306,0.0,0.940796495083219,2.657567323279255,-3.0,3.000747443125306,0.0,0.691236622964222,2.298682313702631
0.10099267959594727,-3.0036005809790822,0.0,-0.43164775361112584,-1.4454066788404365,3.0,-3.0036005809790822,0.0,-0.2950532825898784,-1.2701608760344403
0.10099267959594727,-3.0036005809790822,0.0,0.41987834753568043,-1.4287744926241162,3.0,-3.0036005809790822,0.0,0.575490269341079,-1.6641532409325208
0.10099267959594727,-3.0036005809790822,0.0,-1.0706873028669581,-2.5090475121025806,-3.0,-3.0036005809790822,0.0,-0.8381692010174242,-2.1067125804925904
0.10099267959594727,-3.0036005809790822,0.0,-1.2572126766448393,-2.8237195160799864,-3.0,-3.0036005809790822,0.0,-0.9949856926473317,-2.378607123250745
0.10099267959594727,-3.0036005809790822,0.0,0.6989329604915535,-1.8680053650888373,3.0,-3.0036005809790822,0.0,0.9048843363929993,-2.2223599438862576
0.10099267959594727,-3.0043534718292904,0.0,-0.700036428034013,-0.7369147493127027,-3.0,-3.0043534718292904,0.0,-0.6412992017851828,-0.4300834897648899
0.10099267959594727,3.0001322370121017,0.0,0.26946770731542946,1.1102271422560996,3.0,3.0001322370121017,0.0,0.16311997375127296,1.0043876005904995
0.10099267959594727,3.000747443125306,0.0,-0.6667192308536909,2.2655292991527887,-3.0,3.000747443125306,0.0,-0.9124649078530997,2.615355113588213
0.10099267959594727,-3.0043534718292904,0.0,-1.2969732288739917,2.322318694420203,3.0,-3.0043534718292904,0.0,-1.5560229661321476,2.810872604689938
0.10099267959594727,-3.0036005809790822,0.0,-2.4634716922326843,-4.317285325119549,-3.0,-3.0036005809790822,0.0,-2.0456646356519834,-3.9350675368298744
0.10099267959594727,-0.1627454318445416,-0.6059560775756836,0.32852973594391033,-1.7839453251187727,3.0,-0.20864327783840508,-0.3029780387878418,0.5110984997913044,-1.847155415480441
0.10099267959594727,-3.0043534718292904,0.0,1.18583302755895,-2.0885400682204325,-3.0,-3.0043534718292904,0.0,1.420541652418875,-2.564652516116372
0.10099267959594727,-3.0036005809790822,0.0,1.4408058871909364,-3.1189151922776213,-3.0,-3.0036005809790822,0.0,-4.502455533676322,-3.6115855456221326
0.10099267959594727,3.000747443125306,0.0,-0.5177865866023788,2.0779406365173294,3.0,3.000747443125306,0.0,-0.7415400193779491,2.368058159583148
0.10099267959594727,2.8011478755148134,0.23507233695591712,0.4925518364081536,1.2583428323144186,3.0,2.8401877427208313,0.5380503757437589,0.36948323290194773,1.189351892273796
0.10099267959594727,-0.10355172261479147,0.979895952387045,-3.974415709247222,-4.2274557197805525,3.0,0.010709877339953652,1.2828739911748868,-3.525815927532458,-4.632610886496438
0.10099267959594727,3.0001322370121017,0.0,-4.552541663743828,3.500012227439733,3.0,3.0001322370121017,0.0,1.4020731502236017,3.0068878062879425
0.10099267959594727,3.000747443125306,0.0,-4.58242279989946,3.7567851192384256,-3.0,3.000747443125306,0.0,1.3462732756601414,3.264658247260325
0.10099267959594727,-0.2468404207694256,-1.0846209307297179,-0.2861129020707911,-1.6799105004192467,3.0,-0.3410799129117163,-0.7816428919418761,-0.12963767176409613,-1.430649590583246
0.10099267959594727,3.000747443125306,0.0,-1.8937568812425636,3.994418234400685,3.0,3.000747443125306,0.0,-2.3194547750371233,4.418050866837599
0.10099267959594727,3.000747443125306,0.0,-0.9018379795684415,2.599631447515036,-3.0,3.000747443125306,0.0,-1.1852863443939676,3.0254026384727872
0.10099267959594727,3.000747443125306,0.0,-3.8978347142565597,4.46968499334186,-3.0,3.000747443125306,0.0,-4.329695278658194,4.062683652130213
0.10099267959594727,-3.0036005809790822,0.0,-0.17304519915825134,-1.1558032038733779,3.0,-3.0036005809790822,0.0,-0.059677393204138784,-1.0985518082706955
0.10099267959594727,-3.0036005809790822,0.0,-0.9052260581210043,-2.222976065038,-3.0,-3.0036005809790822,0.0,-0.6992180766160669,-1.8685095004486265
0.10099267959594727,3.000747443125306,0.0,0.40914050955226733,1.9600382648691983,3.0,3.000747443125306,0.0,0.2196348371718826,1.8076773746364987
0.10099267959594727,2.7230681411027775,0.23507233695591712,0.815846042489548,1.865440450048956,3.0,2.7621080083087954,0.5380503757437589,0.63901279038086,1.6503186904269724
0.10099267959594727,3.000747443125306,0.0,-3.413102491389902,4.721505069290032,-3.0,3.000747443125306,0.0,-3.8796018641972982,4.483248713326376
0.10099267959594727,3.000747443125306,0.0,0.2196348371718826,1.8076773746364987,-3.0,3.000747443125306,0.0,0.041043542861829874,1.7436353936530495
0.10099267959594727,3.000747443125306,0.0,-1.1976516668351782,3.0439440195602105,3.0,3.000747443125306,0.0,-1.5291257894249424,3.526059967120475
0.10099267959594727,-3.0043534718292904,0.0,0.667368246198905,-0.5836108669401722,3.0,-3.0043534718292904,0.0,0.7422219865328521,-0.9034587951994036
0.10099267959594727,-3.0043534718292904,0.0,-0.7920496137003057,1.0749382806784622,3.0,-3.0043534718292904,0.0,-0.9190830451402623,1.4476431473833062
0.10099267959594727,0.4645251300715927,-0.3029780387878418,0.7536014762083387,-1.5830968464653428,-3.0,0.4186272840777292,-0.6059560775756836,0.9368626105576197,-2.0527032713314366
0.10099267959594727,0.09707518364926371,-0.7816428919418761,-0.9079828002190262,-2.3896320087646106,-3.0,0.002835691506973409,-1.0846209307297179,-0.6799215924303437,-2.1440390548963237
0.10099267959594727,3.000747443125306,0.0,-2.463975420747508,4.525995514448821,3.0,3.000747443125306,0.0,-2.9334879977520125,4.73712092467697
0.10099267959594727,-3.0043534718292904,0.0,-3.871905848099902,3.9184136516525707,3.0,-3.0043534718292904,0.0,-4.248770038973202,3.526012232724473
0.10099267959594727,-3.0043534718292904,0.0,-4.248770038973202,3.526012232724473,3.0,-3.0043534718292904,0.0,-4.5814377328881175,3.053982779866043
0.10099267959594727,-3.0036005809790822,0.0,-4.114188083846614,-4.064945473777966,-3.0,-3.0036005809790822,0.0,-3.6852481728494824,-4.403962216509194
0.10099267959594727,3.000747443125306,0.0,-0.07870968988892502,1.7499571864205932,3.0,3.000747443125306,0.0,-0.2588822169369931,1.8327138928851436
0.10099267959594727,-3.0036005809790822,0.0,-2.772260803032529,-4.488638812560129,3.0,-3.0036005809790822,0.0,-2.3312695437783337,-4.214394173545456
0.10099267959594727,-3.0043534718292904,0.0,-1.8623767961938804,-3.2963566338287267,-3.0,-3.0043534718292904,0.0,-1.553990712596788,-2.8073245085998346
0.10099267959594727,3.000747443125306,0.0,0.7770051433649505,2.4181365573329336,3.0,3.000747443125306,0.0,0.5488512127123832,2.114924582426332
0.10099267959594727,-3.0043534718292904,0.0,-1.2952943735114766,-2.318903161935796,-3.0,-3.0043534718292904,0.0,-1.0845730529275799,-1.8605931361860308
0.10099267959594727,-3.0043534718292904,0.0,-1.0859202419197929,1.8637315376459331,3.0,-3.0043534718292904,0.0,-1.2969732288739917,2.322318694420203
0.10099172592163086,1.0,0.0,0.02130700659273943,-0.01028268005813872,3.0,1.0152992819979545,0.3029780387878418,0.015209388959758652,0.1315421208175412
0.10099267959594727,3.000747443125306,0.0,-1.8937568812425636,3.994418234400685,3.0,3.000747443125306,0.0,-2.3194547750371233,4.418050866837599
0.10099267959594727,-3.0036005809790822,0.0,-4.388279516648129,-3.758096577173332,3.0,-3.0036005809790822,0.0,-3.9863614583329583,-4.184744375687047
0.10099267959594727,-3.0036005809790822,0.0,0.05069654988520744,-1.0963305514447417,3.0,-3.0036005809790822,0.0,0.16361289331759954,-1.1490565431930428
0.10099267959594727,3.000747443125306,0.0,-3.8796018641972982,4.483248713326376,3.0,3.000747443125306,0.0,-4.3131088042509305,4.081137786518505
0.10099267959594727,-3.0036005809790822,0.0,-0.8381692010174242,-2.1067125804925904,3.0,-3.0036005809790822,0.0,-0.6428052806770599,-1.77406445073435
0.10099267959594727,3.000747443125306,0.0,-1.0898869292655378,2.881653101351442,-3.0,3.000747443125306,0.0,-1.404079609469893,3.348723667535899
0.10099267959594727,0.4983548411548467,0.6769179135992032,-1.7439895194606891,-3.578439054909839,-3.0,0.5514193131177756,0.3739398748113614,-1.4079211717932343,-3.085246138183515
0.10099267959594727,-3.0036005809790822,0.0,-4.238130445022167,-3.9343708070060206,3.0,-3.0036005809790822,0.0,-3.8203844419174495,-4.316793739606952
0.10099267959594727,-3.0036005809790822,0.0,1.1501098179721683,-2.6444244294618753,3.0,-3.0036005809790822,0.0,1.4408058871909364,-3.1189151922776213
0.10099267959594727,1.3824820499488624,1.514890193939209,-0.16945247309263012,0.8415622290673043,3.0,1.5507741519263618,1.8178682327270508,-0.2669033668728553,1.0956179989682382
0.10099267959594727,3.0001322370121017,0.0,1.374135276370525,2.961726164948666,3.0,3.0001322370121017,0.0,1.0989237930026632,2.4958889604328527
0.10099267959594727,3.000747443125306,0.0,0.09752432842446934,1.7546030075855603,-3.0,3.000747443125306,0.0,-0.07870968988892502,1.7499571864205932
0.10099267959594727,2.0891112275669066,0.3388487483338467,-0.8528083969513731,1.782863871089671,3.0,2.1386317526368503,0.6418267871216885,-1.0573446126542287,2.273222519852944
0.10099267959594727,3.0001322370121017,0.0,0.15375500976740986,0.9971409848790134,3.0,3.0001322370121017,0.0,0.05606352934898018,0.9454960818916762
0.10099267959594727,3.000747443125306,0.0,-3.413102491389902,4.721505069290032,3.0,3.000747443125306,0.0,-3.8796018641972982,4.483248713326376
0.10099267959594727,3.000747443125306,0.0,1.454255228116247,3.420742102660544,-3.0,3.000747443125306,0.0,1.133082936652412,2.946860380230646
0.10099267959594727,3.000747443125306,0.0,1.3462732756601414,3.264658247260325,3.0,3.000747443125306,0.0,1.04016470361544,2.8066826409596946
0.10099267959594727,1.0987007261684412,0.3388487483338467,0.00745640291756855,-0.015183106328538722,3.0,1.1482212512383625,0.6418267871216885,0.0015085179711209484,0.1334629302347904
0.10099267959594727,3.000747443125306,0.0,0.40914050955226733,1.9600382648691983,3.0,3.000747443125306,0.0,0.2196348371718826,1.8076773746364987
0.10099267959594727,-3.0036005809790822,0.0,0.20911534156706368,-1.1845030352247197,3.0,-3.0036005809790822,0.0,0.3349262599692877,-1.3169769795790807
0.10099267959594727,1.7496648178997702,2.1208462715148926,-0.3923806340355367,1.3980359237778095,3.0,1.9791540478690877,2.4238243103027344,-0.5511805592482593,1.7566052200666908
0.10099267959594727,3.000747443125306,0.0,0.6185595958500065,2.2022133614094868,-3.0,3.000747443125306,0.0,0.40914050955226733,1.9600382648691983
0.10099267959594727,-3.0036005809790822,0.0,-0.9949856926473317,-2.378607123250745,3.0,-3.0036005809790822,0.0,-0.7746119991171683,-1.9970754874124457
0.10099267959594727,-3.0043534718292904,0.0,-4.245622992894946,-3.5299226813845923,-3.0,-3.0043534718292904,0.0,-3.8684092139360957,-3.9213267956383353
0.10099267959594727,3.000747443125306,0.0,0.27863803056868575,1.8467319798221244,3.0,3.000747443125306,0.0,0.09752432842446934,1.7546030075855603
0.10099267959594727,-3.0043534718292904,0.0,-0.6125862649120273,-0.14045098556216437,-3.0,-3.0043534718292904,0.0,-0.6127368169029581,0.1434426005118038
0.10099267959594727,0.25033518210022976,-2.1208462715148926,0.5173425477236235,-1.6436104167349432,-3.0,0.020845952130912337,-2.4238243103027344,0.7033557400251689,-2.0499900370790107
0.10099267959594727,3.0001322370121017,0.0,0.38917422222861253,1.26971364649516,3.0,3.0001322370121017,0.0,0.26946770731542946,1.1102271422560996
0.10099267959594727,-3.0043534718292904,0.0,-3.8684092139360957,-3.9213267956383353,-3.0,-3.0043534718292904,0.0,-3.458481757644894,-4.16742358470683
0.10099267959594727,-3.0043534718292904,0.0,1.18583302755895,-2.0885400682204325,3.0,-3.0043534718292904,0.0,1.420541652418875,-2.564652516116372
0.10099267959594727,3.000747443125306,0.0,-2.9334879977520125,4.73712092467697,3.0,3.000747443125306,0.0,-3.413102491389902,4.721505069290032
0.10099267959594727,-3.0043534718292904,0.0,-0.7006950589286043,0.7397347429053633,-3.0,-3.0043534718292904,0.0,-0.7920496137003057,1.0749382806784622
0.10099267959594727,-3.0043534718292904,0.0,0.7414173941440789,0.9005026380472495,3.0,-3.0043534718292904,0.0,0.6668488561505428,0.5809037286286637
0.10099267959594727,3.000747443125306,0.0,-4.178950894421046,4.2226049029676345,3.0,3.000747443125306,0.0,-4.58242279989946,3.7567851192384256
0.10099267959594727,2.239241841834314,2.726802349090576,-0.7492223548800117,2.1752997962735363,3.0,2.5299281997954495,3.029780387878418,-0.9924541818928412,2.649790616387527
0.10099267959594727,3.000747443125306,0.0,-0.2588822169369931,1.8327138928851436,-3.0,3.000747443125306,0.0,-0.4518755065830793,2.004128506016662
0.10099267959594727,0.9847007180020455,-0.3029780387878418,0.030568895230706605,-0.17389220889658216,-3.0,0.938802872008182,-0.6059560775756836,0.056721154992524614,-0.346138822896029
0.10099267959594727,0.9847007180020455,-0.3029780387878418,0.030568895230706605,-0.17389220889658216,-3.0,0.938802872008182,-0.6059560775756836,0.056721154992524614,-0.346138822896029
0.10099267959594727,-3.0043534718292904,0.0,0.6668488561505428,0.5809037286286637,3.0,-3.0043534718292904,0.0,0.623316009034069,0.28406812320450153
0.10099267959594727,-2.4423384495397613,-4.544670581817627,-3.04203892493848,-4.382603995120442,-3.0,-2.9166161914763507,-4.847648620605469,-2.6128460375931,-4.086681900491885
0.10099267959594727,3.000747443125306,0.0,-2.9334879977520125,4.73712092467697,3.0,3.000747443125306,0.0,-3.413102491389902,4.721505069290032
0.10099267959594727,2.039590702496963,0.6418267871216885,-0.6852411540386929,1.548410976758317,-3.0,2.0891112275669066,0.3388487483338467,-0.8528083969513731,1.782863871089671
0.10099267959594727,-3.0036005809790822,0.0,-1.810508672556257,-3.650842097627199,3.0,-3.0036005809790822,0.0,-1.4665479082760204,-3.158909385759146
0.10099267959594727,3.000747443125306,0.0,0.40914050955226733,1.9600382648691983,3.0,3.000747443125306,0.0,0.2196348371718826,1.8076773746364987
0.10099267959594727,1.3824820499488624,1.514890193939209,-0.16945247309263012,0.8415622290673043,3.0,1.5507741519263618,1.8178682327270508,-0.2669033668728553,1.0956179989682382
0.10099267959594727,0.7552114880327281,-1.2119121551513672,0.16573697615548033,-0.7505520939305812,-3.0,0.6175179500511376,-1.514890193939209,0.25384049824709676,-1.000847426490417
0.10099267959594727,3.000747443125306,0.0,-0.4518755065830793,2.004128506016662,-3.0,3.000747443125306,0.0,-0.6667192308536909,2.2655292991527887
0.10099267959594727,3.000747443125306,0.0,0.041043542861829874,1.7436353936530495,3.0,3.000747443125306,0.0,-0.13549094235471282,1.7668843242877739
0.10099267959594727,-3.0036005809790822,0.0,0.4772215546017722,-1.511738408294335,3.0,-3.0036005809790822,0.0,0.6425352766096348,-1.7735950005055094
0.10099267959594727,3.000747443125306,0.0,-3.43232128398776,4.715967556042285,3.0,3.000747443125306,0.0,-3.8978347142565597,4.46968499334186
0.10099267959594727,3.000747443125306,0.0,0.6185595958500065,2.2022133614094868,3.0,3.000747443125306,0.0,0.40914050955226733,1.9600382648691983
0.10099267959594727,-3.0036005809790822,0.0,-0.12853164745940004,-1.1270626406861404,3.0,-3.0036005809790822,0.0,-0.016979808157377985,-1.0912190510850504
0.10099267959594727,2.480387634656561,1.1440064533194425,-3.173955320934184,4.110870916685261,-3.0,2.580624629854397,0.8410284145316007,-3.5923770816069927,4.1393697715206335
0.10099267959594727,3.000747443125306,0.0,-2.7811029958814424,4.6926972712834285,3.0,3.000747443125306,0.0,-3.2600070760040034,4.752187415342889
0.10099267959594727,3.0001322370121017,0.0,-2.893329944596332,4.494189956702436,3.0,3.0001322370121017,0.0,-3.3496048474925275,4.5041168972291175
0.10099267959594727,3.000747443125306,0.0,0.4818138651672714,2.0368693511917306,3.0,3.000747443125306,0.0,0.2861804261713172,1.8522947153271114
0.10099267959594727,1.9791540478690877,2.4238243103027344,-0.5511805592482593,1.7566052200666908,3.0,2.239241841834314,2.726802349090576,-0.7492223548800117,2.1752997962735363
0.10099267959594727,-3.0036005809790822,0.0,0.41987834753568043,-1.4287744926241162,3.0,-3.0036005809790822,0.0,0.575490269341079,-1.6641532409325208
0.10099267959594727,-3.0043534718292904,0.0,-3.03701468693766,4.219275504431485,3.0,-3.0043534718292904,0.0,-3.4621986045005557,4.166052423379304
0.10099267959594727,-3.0036005809790822,0.0,0.5251756128186957,-1.5847189024300814,3.0,-3.0036005809790822,0.0,0.6989329604915535,-1.8680053650888373
0.10099267959594727,0.6175179500511376,-1.514890193939209,0.25384049824709676,-1.000847426490417,-3.0,0.4492258480736382,-1.8178682327270508,0.36939446561500455,-1.2957012000802541
0.10099267959594727,-0.23924184183431407,-2.726802349090576,0.933339334985892,-2.513234307889271,-3.0,-0.5299281997954495,-3.029780387878418,1.2124370063094978,-3.018716121384629
0.10099267959594727,3.000747443125306,0.0,0.5488512127123832,2.114924582426332,3.0,3.000747443125306,0.0,0.34679029575264186,1.9015887511635774
0.10099267959594727,-0.23924184183431407,-2.726802349090576,0.933339334985892,-2.513234307889271,-3.0,-0.5299281997954495,-3.029780387878418,1.2124370063094978,-3.018716121384629
0.10099267959594727,3.000747443125306,0.0,-2.952789618500605,4.741056379496406,-3.0,3.000747443125306,0.0,-3.43232128398776,4.715967556042285
0.10099267959594727,3.000747443125306,0.0,0.8569663980482409,2.5336114839030612,-3.0,3.000747443125306,0.0,0.6185595958500065,2.2022133614094868
0.10099267959594727,3.000747443125306,0.0,-2.042094918249488,4.158846172471997,3.0,3.000747443125306,0.0,-2.482435009044052,4.538365606044381
0.10099267959594727,0.10990375101838558,-0.20014489495182208,-1.7987447215838839,-3.7049415622080644,-3.0,0.07439129977179683,-0.5031229337396639,-1.4501747552607047,-3.2052275465669706
0.10099267959594727,1.0152992819979545,0.3029780387878418,0.015209388959758652,0.1315421208175412,3.0,1.061197127991818,0.6059560775756836,-0.005485547645382116,0.2799982054012347
0.10099267959594727,3.000747443125306,0.0,-0.5177865866023788,2.0779406365173294,-3.0,3.000747443125306,0.0,-0.7415400193779491,2.368058159583148
0.10099267959594727,-1.2030966077054472,-3.6357364654541016,-4.359056062787467,-3.994134674935463,-3.0,-1.5855786576543096,-3.9387145042419434,-3.9373138697122223,-4.330331497952119
0.10099267959594727,3.000747443125306,0.0,1.2432784895158453,3.112272130262367,3.0,3.000747443125306,0.0,0.9516602033111581,2.6737598401063183
0.10099267959594727,1.061197127991818,0.6059560775756836,-0.005485547645382116,0.2799982054012347,3.0,1.1376935379815905,0.9089341163635254,-0.041817751458584684,0.4424785909482284
0.10099267959594727,3.000747443125306,0.0,1.133082936652412,2.946860380230646,3.0,3.000747443125306,0.0,0.8569663980482409,2.5336114839030612
0.10099267959594727,-3.0043534718292904,0.0,1.1839717988471627,2.0844864269185157,3.0,-3.0043534718292904,0.0,0.9959199409718837,1.6467843849352304
0.10099101066589355,1.0,0.0,0.02130700659273943,-0.01028268005813872,3.0,1.0152992819979545,0.3029780387878418,0.015209388959758652,0.1315421208175412
0.10099267959594727,0.4798244120695472,-0.6059560775756836,-0.9405534234295989,-2.5881180692315082,-3.0,0.4033280020797747,-0.9089341163635254,-0.6930230732568554,-2.332343584685595
0.10099267959594727,-3.0036005809790822,0.0,1.0702999456430855,-2.5083602237264806,3.0,-3.0036005809790822,0.0,1.346496946361896,-2.9693989142659825
0.10099267959594727,3.000747443125306,0.0,-1.8937568812425636,3.994418234400685,3.0,3.000747443125306,0.0,-2.3194547750371233,4.418050866837599
0.10099267959594727,0.7552114880327281,-1.2119121551513672,0.16573697615548033,-0.7505520939305812,-3.0,0.6175179500511376,-1.514890193939209,0.25384049824709676,-1.000847426490417
0.10099267959594727,-0.520607837410682,0.4058111826238615,0.14713388115010373,-0.7971953460834462,-0.7224483963236963,-0.4833081925822733,0.332849183209335,0.23381112920916136,-0.9262309152988902
0.10099267959594727,3.0001322370121017,0.0,-3.7957643235097227,4.2980595884039685,3.0,3.0001322370121017,0.0,-4.212050630483512,3.923603921170018
0.10099267959594727,-0.8512131217524939,-3.3327584266662598,1.5433603714740962,-3.5318158522425023,-3.0,-1.2030966077054472,-3.6357364654541016,-4.359056062787467,-3.994134674935463
0.10099267959594727,3.000747443125306,0.0,-4.178950894421046,4.2226049029676345,-3.0,3.000747443125306,0.0,-4.58242279989946,3.7567851192384256
0.10099267959594727,-3.0036005809790822,0.0,-3.2309391258477285,-4.55743172000218,-3.0,-3.0036005809790822,0.0,-2.772260803032529,-4.488638812560129
0.10099267959594727,0.5410215400613652,0.0,-1.539776519671824,-3.405971484341412,-3.0,0.5257222580634107,-0.3029780387878418,-1.219413079070295,-2.951302530859699
0.10099267959594727,-3.0043534718292904,0.0,-1.2973647742868413,2.3231147982975555,3.0,-3.0043534718292904,0.0,-1.55649687249486,2.8116993812828186
0.10099267959594727,3.000747443125306,0.0,-0.6575088750861906,2.2532581726611927,3.0,3.000747443125306,0.0,-0.9018379795684415,2.599631447515036
0.10099267959594727,2.851213121752494,3.3327584266662598,-1.285700665996409,3.1609540034076558,3.0,3.000747443125306,0.0,-1.630629446230993,3.6645038649285473
0.10099267959594727,3.0001322370121017,0.0,-0.14487975351581595,0.9906112520674207,3.0,3.0001322370121017,0.0,-0.24937431501609497,1.0871889101028556
0.10099267959594727,3.000747443125306,0.0,-3.5838217801806427,4.659217114423356,-3.0,3.000747443125306,0.0,-4.040392294496776,4.35307780331291
0.10099267959594727,-3.0043534718292904,0.0,0.9961976109302388,1.6474783848395318,3.0,-3.0043534718292904,0.0,0.8500634422553692,1.2537672493676089
0.10099267959594727,3.000747443125306,0.0,-0.5177865866023788,2.0779406365173294,3.0,3.000747443125306,0.0,-0.7415400193779491,2.368058159583148
0.10099267959594727,-0.5299281997954495,-3.029780387878418,1.2124370063094978,-3.018716121384629,-3.0,-0.8512131217524939,-3.3327584266662598,1.5433603714740962,-3.5318158522425023
0.10099267959594727,-0.04911819670367087,0.10283314383601969,-4.068446254171683,-4.227339509299088,3.0,-0.02343351995844101,0.4058111826238615,-3.618603485134767,-4.660228220772025
0.10099267959594727,3.0001322370121017,0.0,-3.7553965216471146,4.325263927042993,3.0,3.0001322370121017,0.0,-4.175130167029536,3.9634863612377833
0.10099267959594727,1.5443854517977331,0.6418267871216885,-0.07159419559335367,0.24405263319667458,-3.0,1.5939059768676545,0.3388487483338467,-0.09058637466509589,0.1336577538463329
0.10099267959594727,-0.27127842231506305,0.1272912244216493,1.254473440028764,-2.7602885533253305,3.0,-0.2431236584737178,0.4302692632094911,1.5559321710014422,-3.2212560373507655
0.10099267959594727,-3.0036005809790822,0.0,0.3349262599692877,-1.3169769795790807,3.0,-3.0036005809790822,0.0,0.4772215546017722,-1.511738408294335
0.10099267959594727,1.1376935379815905,0.9089341163635254,-0.041817751458584684,0.4424785909482284,3.0,1.244788511967272,1.2119121551513672,-0.09559587284276594,0.6268454801728142
0.10099267959594727,3.000747443125306,0.0,-3.8796018641972982,4.483248713326376,3.0,3.000747443125306,0.0,-4.3131088042509305,4.081137786518505
0.10099267959594727,3.0001322370121017,0.0,0.5140904318684831,1.4651409037443477,3.0,3.0001322370121017,0.0,0.37737144060869765,1.2525387030889075
0.10099267959594727,0.938802872008182,-0.6059560775756836,0.056721154992524614,-0.346138822896029,-3.0,0.8623064620184095,-0.9089341163635254,0.1010566016511878,-0.5354131782016482
0.10099267959594727,3.000747443125306,0.0,-0.4518755065830793,2.004128506016662,3.0,3.000747443125306,0.0,-0.6667192308536909,2.2655292991527887
0.10099267959594727,-3.0036005809790822,0.0,-1.441290816687467,-3.1196920166579725,-3.0,-3.0036005809790822,0.0,-1.1505189584755038,-2.6451395982950254
0.10099267959594727,3.000747443125306,0.0,-4.040392294496776,4.35307780331291,3.0,3.000747443125306,0.0,-4.458533336553344,3.9122579823047325
0.10099267959594727,0.0199422925889189,1.0362253407851747,-3.1346624391204956,-4.888815353474026,-3.0,0.10929418442208244,0.7332473019973329,-2.6526148088927557,-4.621992422411555
0.10099267959594727,3.000747443125306,0.0,-4.458533336553344,3.9122579823047325,-3.0,3.000747443125306,0.0,1.454255228116247,3.420742102660544
0.10099267959594727,3.000747443125306,0.0,0.47352769887853396,2.0276929495117697,-3.0,3.000747443125306,0.0,0.27863803056868575,1.8467319798221244
0.10099267959594727,-3.0043534718292904,0.0,-1.553990712596788,-2.8073245085998346,-3.0,-3.0043534718292904,0.0,-1.2952943735114766,-2.318903161935796
0.10099267959594727,3.0001322370121017,0.0,-3.307394736678472,4.512650431372875,-0.25423110070296673,3.0001322370121017,0.0,-3.7553965216471146,4.325263927042993
0.10099267959594727,1.692947027007497,0.3388487483338467,-0.14338065346060036,0.24789579194239986,3.0,1.7424675520774184,0.6418267871216885,-0.1798027620601883,0.47620532339859867
0.10099267959594727,-3.0036005809790822,0.0,0.7583596606500342,-1.9691438310760137,3.0,-3.0036005809790822,0.0,0.975623968616675,-2.3450444073039796
0.10099267959594727,3.000747443125306,0.0,-0.7415400193779491,2.368058159583148,3.0,3.000747443125306,0.0,-0.9990241443212811,2.7447099800740484
0.10099267959594727,0.002835691506973409,-1.0846209307297179,-0.6799215924303437,-2.1440390548963237,-3.0,-0.1220023646312259,-1.3875989695175597,-0.4714198817950348,-2.0022811259791897
0.10099267959594727,3.000747443125306,0.0,1.133082936652412,2.946860380230646,-3.0,3.000747443125306,0.0,0.8569663980482409,2.5336114839030612
0.10099267959594727,-3.0043534718292904,0.0,-3.03701468693766,4.219275504431485,-3.0,-3.0043534718292904,0.0,-3.4621986045005557,4.166052423379304
0.10099267959594727,3.000747443125306,0.0,0.691236622964222,2.298682313702631,3.0,3.000747443125306,0.0,0.47352769887853396,2.0276929495117697
0.10099267959594727,-3.0043534718292904,0.0,-0.6412992017851828,-0.4300834897648899,-3.0,-3.0043534718292904,0.0,-0.6125862649120273,-0.14045098556216437
0.10099267959594727,3.000747443125306,0.0,-1.404079609469893,3.348723667535899,3.0,3.000747443125306,0.0,-1.7671704392135035,3.8413467329955395
0.10099267959594727,3.000747443125306,0.0,-2.178677419669221,4.2947253070461135,3.0,3.000747443125306,0.0,-2.6305197156773876,4.625840486201121
0.10099267959594727,3.000747443125306,0.0,-2.463975420747508,4.525995514448821,-3.0,3.000747443125306,0.0,-2.9334879977520125,4.73712092467697
0.10099267959594727,-3.0043534718292904,0.0,-2.616268691152897,4.066095482397171,3.0,-3.0043534718292904,0.0,-3.0363034338771073,4.219188892141277
0.10099267959594727,-3.0036005809790822,0.0,-4.612032328644888,-3.461516236530116,-3.0,-3.0036005809790822,0.0,-4.238130445022167,-3.9343708070060206
0.10099267959594727,3.000747443125306,0.0,-2.80022964555025,4.699559262488006,3.0,3.000747443125306,0.0,-3.2793566734047173,4.749637960200567
0.10099267959594727,-3.0043534718292904,0.0,-0.9193271292543703,1.4483006102869935,3.0,-3.0043534718292904,0.0,-1.086234475066505,1.864463155883266
0.10099267959594727,3.000747443125306,0.0,-0.3803064839898398,1.9320630733063204,-3.0,3.000747443125306,0.0,-0.5862316394879934,2.1609935273359815
0.10099267959594727,3.000747443125306,0.0,-0.4518755065830793,2.004128506016662,3.0,3.000747443125306,0.0,-0.6667192308536909,2.2655292991527887
0.10099267959594727,-0.5462925141559112,0.10283314383601971,0.0620123455314423,-0.8957079943172968,3.0,-0.520607837410682,0.4058111826238615,0.14713388115010373,-0.7971953460834462
0.10099267959594727,-3.0036005809790822,0.0,-0.059677393204138784,-1.0985518082706955,3.0,-3.0036005809790822,0.0,0.05069654988520744,-1.0963305514447417
0.10099267959594727,3.0001322370121017,0.0,-1.0767811503432516,2.45701603999569,3.0,3.0001322370121017,0.0,-1.3478418983979705,2.9187958655584936
0.10099267959594727,3.000747443125306,0.0,-1.0898869292655378,2.881653101351442,3.0,3.000747443125306,0.0,-1.404079609469893,3.348723667535899
0.10099267959594727,3.000747443125306,0.0,-3.5838217801806427,4.659217114423356,-3.0,3.000747443125306,0.0,-4.040392294496776,4.35307780331291
0.10099267959594727,3.000747443125306,0.0,0.2861804261713172,1.8522947153271114,3.0,3.000747443125306,0.0,0.10468458575923334,1.7566180116563153
0.10099267959594727,0.10929418442208244,0.7332473019973329,-2.6526148088927557,-4.621992422411555,-3.0,0.16804751225933667,0.4302692632094911,-2.206800274831235,-4.186309120942464
0.10099267959594727,-3.0036005809790822,0.0,-0.09388375049249342,-1.1102046623065256,3.0,-3.0036005809790822,0.0,0.01681880560073834,-1.0912057898956413
0.10099267959594727,-0.439755160416145,-0.8061009725275057,-0.28687012269820444,-1.4896871671024423,3.0,-0.5058661756586427,-0.5031229337396639,-0.1497700891521636,-1.2356562188527511
0.10099267959594727,-3.0036005809790822,0.0,-0.09388375049249342,-1.1102046623065256,3.0,-3.0036005809790822,0.0,0.01681880560073834,-1.0912057898956413
0.10099267959594727,0.4492258480736382,-1.8178682327270508,0.36939446561500455,-1.2957012000802541,-3.0,0.25033518210022976,-2.1208462715148926,0.5173425477236235,-1.6436104167349432
0.10099267959594727,3.000747443125306,0.0,0.691236622964222,2.298682313702631,-3.0,3.000747443125306,0.0,0.47352769887853396,2.0276929495117697
0.10099267959594727,3.0001322370121017,0.0,-0.23925216530432936,1.076080300668558,3.0,3.0001322370121017,0.0,-0.35475563315787406,1.2203923648214523
0.10099267959594727,0.29623302809409324,-1.2119121551513672,-0.4656709187857513,-2.1888178401948744,-3.0,0.1585394901125028,-1.514890193939209,-0.2471141531007235,-2.158147892223728
0.10099267959594727,-3.0043534718292904,0.0,-0.7001607220185027,-0.7374475370709378,-3.0,-3.0043534718292904,0.0,-0.6413717643862022,-0.43057821140318875
0.10099267959594727,-3.0036005809790822,0.0,-3.9863614583329583,-4.184744375687047,-3.0,-3.0036005809790822,0.0,-3.5476813263883966,-4.473413845195256
0.10099267959594727,-3.0043534718292904,0.0,-3.871905848099902,3.9184136516525707,3.0,-3.0043534718292904,0.0,-4.248770038973202,3.526012232724473
0.10099267959594727,0.4492258480736382,-1.8178682327270508,0.36939446561500455,-1.2957012000802541,-3.0,0.25033518210022976,-2.1208462715148926,0.5173425477236235,-1.6436104167349432
0.10099267959594727,3.000747443125306,0.0,0.7770051433649505,2.4181365573329336,3.0,3.000747443125306,0.0,0.5488512127123832,2.114924582426332
0.10099267959594727,-0.1780447138424961,0.3029780387878418,1.4729711597864497,-3.201768311912746,-1.7395994944295197,-0.15631769092284586,0.12729122442164942,-4.461985999886236,-3.6870494821610027
0.10099267959594727,-3.0043534718292904,0.0,-0.6126099977792063,-0.14092645820938418,-3.0,-3.0043534718292904,0.0,-0.6127126897697956,0.14296704825426157
0.10099267959594727,-3.0043534718292904,0.0,-3.4621986045005557,4.166052423379304,3.0,-3.0043534718292904,0.0,-3.871905848099902,3.9184136516525707
0.10099267959594727,3.000747443125306,0.0,-1.2984020628310966,3.1941452976838756,3.0,3.000747443125306,0.0,-1.6455984908143315,3.6844191994427136
0.10099267959594727,1.8910291272871824,0.3388487483338467,-0.35252559281010365,0.7080575040936461,3.0,1.9405496523571037,0.6418267871216885,-0.44039386224852395,1.037871929773813
0.10099267959594727,1.2472623013782052,0.6418267871216885,-0.010454493587083835,0.1378184421902911,-3.0,1.2967828264481265,0.3388487483338467,-0.01707121908122966,-0.006236541073328095
0.10099267959594727,3.000747443125306,0.0,0.940796495083219,2.657567323279255,3.0,3.000747443125306,0.0,0.691236622964222,2.298682313702631
0.10099267959594727,3.000747443125306,0.0,-1.2984020628310966,3.1941452976838756,3.0,3.000747443125306,0.0,-1.6455984908143315,3.6844191994427136
0.10099267959594727,3.000747443125306,0.0,-1.9100662951572258,4.013294467279038,3.0,3.000747443125306,0.0,-2.337479275714639,4.432551047958416
0.10099267959594727,-3.0036005809790822,0.0,0.4772215546017722,-1.511738408294335,3.0,-3.0036005809790822,0.0,0.6425352766096348,-1.7735950005055094
0.10099267959594727,2.188152277706794,0.3388487483338467,-1.3063731625209472,2.6720112684696953,1.9724363013921362,2.2324324738447623,0.5380503757437589,-1.601671888691611,3.173951306540912
0.10099267959594727,3.000747443125306,0.0,-0.01522702889639449,1.7415887340199951,3.0,3.000747443125306,0.0,-0.1929637604266632,1.7927757965686595
0.10099267959594727,3.000747443125306,0.0,1.454255228116247,3.420742102660544,3.0,3.000747443125306,0.0,1.133082936652412,2.946860380230646
0.10099267959594727,3.000747443125306,0.0,0.700632942923265,2.3114793449243085,3.0,3.000747443125306,0.0,0.4818138651672714,2.0368693511917306
0.10099267959594727,3.000747443125306,0.0,-0.2514184525847676,1.827676383366658,3.0,3.000747443125306,0.0,-0.44372151961461137,1.9954862903903483
0.10099267959594727,3.000747443125306,0.0,-1.8937568812425636,3.994418234400685,-3.0,3.000747443125306,0.0,-2.3194547750371233,4.418050866837599
0.10099267959594727,3.0001322370121017,0.0,-0.8305769329644073,2.0179451273023985,3.0,3.0001322370121017,0.0,-1.0539688750487106,2.416832489859839
0.10099267959594727,-1.998659271599081,-4.241692543029785,-3.4910243659775717,-4.470815132260991,-3.0,-2.4423384495397613,-4.544670581817627,-3.04203892493848,-4.382603995120442
0.10099267959594727,3.000747443125306,0.0,-1.2984020628310966,3.1941452976838756,3.0,3.000747443125306,0.0,-1.6455984908143315,3.6844191994427136
0.10099267959594727,-3.0036005809790822,0.0,-0.5892148200094902,-1.6863013972876344,3.0,-3.0036005809790822,0.0,-0.43164775361112584,-1.4454066788404365
0.10099267959594727,3.000747443125306,0.0,-1.630629446230993,3.6645038649285473,3.0,3.000747443125306,0.0,-2.025190986508005,4.140985713384315
0.10099267959594727,-3.0043534718292904,0.0,0.623316009034069,0.28406812320450153,3.0,-3.0043534718292904,0.0,0.60908324595473,-0.0012516199722482904
0.10099267959594727,-3.0043534718292904,0.0,-3.4614962932268143,4.166312717607925,3.0,-3.0043534718292904,0.0,-3.8712452567628017,3.918965038840423
0.10099267959594727,3.000747443125306,0.0,0.16174735972434418,1.7776559778444028,3.0,3.000747443125306,0.0,-0.01522702889639449,1.7415887340199951
0.10099267959594727,3.000747443125306,0.0,0.2196348371718826,1.8076773746364987,3.0,3.000747443125306,0.0,0.041043542861829874,1.7436353936530495
0.10099267959594727,0.7552114880327281,-1.2119121551513672,0.16573697615548033,-0.7505520939305812,-3.0,0.6175179500511376,-1.514890193939209,0.25384049824709676,-1.000847426490417
0.10099267959594727,-3.0036005809790822,0.0,-3.9863614583329583,-4.184744375687047,3.0,-3.0036005809790822,0.0,-3.5476813263883966,-4.473413845195256
0.10099267959594727,3.000747443125306,0.0,0.10468458575923334,1.7566180116563153,3.0,3.000747443125306,0.0,-0.0715754922285714,1.748459058837871
0.10099267959594727,3.000747443125306,0.0,-0.6575088750861906,2.2532581726611927,-3.0,3.000747443125306,0.0,-0.9018379795684415,2.599631447515036
0.10099267959594727,3.000747443125306,0.0,-1.5148013409993877,3.506123386531983,3.0,3.000747443125306,0.0,-1.8937568812425636,3.994418234400685
0.10099124908447266,1.0,0.0,0.02130700659273943,-0.01028268005813872,-3.0,0.9847007180020455,-0.3029780387878418,0.030568895230706605,-0.17389220889658216
0.10099267959594727,3.000747443125306,0.0,-2.9334879977520125,4.73712092467697,-3.0,3.000747443125306,0.0,-3.413102491389902,4.721505069290032
0.10099267959594727,0.07439129977179683,-0.5031229337396639,-1.4501747552607047,-3.2052275465669706,-3.0,0.00828028452929953,-0.8061009725275057,-1.1490936669494087,-2.77119637571992
0.10099267959594727,3.000747443125306,0.0,-2.952789618500605,4.741056379496406,3.0,3.000747443125306,0.0,-3.43232128398776,4.715967556042285
0.10099267959594727,3.000747443125306,0.0,1.04016470361544,2.8066826409596946,-3.0,3.000747443125306,0.0,0.7770051433649505,2.4181365573329336
0.10099267959594727,-3.0036005809790822,0.0,0.24633437290184856,-1.2187937992167799,3.0,-3.0036005809790822,0.0,0.37653661311842646,-1.3698769362847598
0.10099267959594727,1.4948649267278118,0.3388487483338467,-0.05620313184925019,0.06198558768062316,3.0,1.5443854517977331,0.6418267871216885,-0.07159419559335367,0.24405263319667458
0.10099267959594727,3.000747443125306,0.0,-3.106308250770866,4.758767136032923,3.0,3.000747443125306,0.0,-3.5838217801806427,4.659217114423356
0.10099267959594727,-3.0036005809790822,0.0,-3.371817007112553,-4.53326275402221,-3.0,-3.0036005809790822,0.0,-2.9120736703558223,-4.533441228143463
0.10099267959594727,3.000747443125306,0.0,-1.6455984908143315,3.6844191994427136,3.0,3.000747443125306,0.0,-2.042094918249488,4.158846172471997
0.10099267959594727,3.000747443125306,0.0,1.2432784895158453,3.112272130262367,-3.0,3.000747443125306,0.0,0.9516602033111581,2.6737598401063183
0.10099267959594727,3.000747443125306,0.0,-3.43232128398776,4.715967556042285,-3.0,3.000747443125306,0.0,-3.8978347142565597,4.46968499334186
0.10099196434020996,1.0,0.0,0.02130700659273943,-0.01028268005813872,-3.0,0.9847007180020455,-0.3029780387878418,0.030568895230706605,-0.17389220889658216
0.10099267959594727,3.000747443125306,0.0,-0.6667192308536909,2.2655292991527887,3.0,3.000747443125306,0.0,-0.9124649078530997,2.615355113588213
0.10099267959594727,3.000747443125306,0.0,-4.58242279989946,3.7567851192384256,3.0,3.000747443125306,0.0,1.3462732756601414,3.264658247260325
0.10099267959594727,1.1376935379815905,0.9089341163635254,-0.041817751458584684,0.4424785909482284,3.0,1.244788511967272,1.2119121551513672,-0.09559587284276594,0.6268454801728142
0.10099267959594727,-3.0043534718292904,0.0,1.420541652418875,-2.564652516116372,-3.0,-3.0043534718292904,0.0,-4.578711559897858,-3.0583199304673503
0.10099267959594727,3.000747443125306,0.0,0.6185595958500065,2.2022133614094868,3.0,3.000747443125306,0.0,0.40914050955226733,1.9600382648691983
0.10099267959594727,1.061197127991818,0.6059560775756836,-0.005485547645382116,0.2799982054012347,3.0,1.1376935379815905,0.9089341163635254,-0.041817751458584684,0.4424785909482284
0.10099267959594727,-0.1933439958404506,0.0,1.1725317047647539,-2.7614138089326126,3.0,-0.1780447138424961,0.3029780387878418,1.4729711597864497,-3.201768311912746
0.10099267959594727,-2.9166161914763507,-4.847648620605469,-2.6128460375931,-4.086681900491885,-3.0,-3.0043534718292904,0.0,-2.217552910544834,-3.735964483262946
0.10099267959594727,-0.404720841058098,-0.4786648531540343,0.0051510949474624645,-1.24951229125995,3.0,-0.43776320520857076,-0.1756868143661925,0.12485544510712421,-1.1310894065272457
0.10099267959594727,-3.0043534718292904,0.0,-3.8712452567628017,3.918965038840423,3.0,-3.0043534718292904,0.0,-4.248175579540453,3.526751688141285
0.10099267959594727,3.0001322370121017,0.0,0.8878063749057481,2.1207155465350973,3.0,3.0001322370121017,0.0,0.6918910025065599,1.7704658104608169
0.10099267959594727,3.000747443125306,0.0,-0.9990241443212811,2.7447099800740484,3.0,3.000747443125306,0.0,-1.2984020628310966,3.1941452976838756
0.10099267959594727,2.1386317526368503,0.6418267871216885,-1.0573446126542287,2.273222519852944,-3.0,2.188152277706794,0.3388487483338467,-1.3063731625209472,2.6720112684696953
0.10099267959594727,3.000747443125306,0.0,1.2306356777649863,3.093413454442135,3.0,3.000747443125306,0.0,0.940796495083219,2.657567323279255
0.10099267959594727,-3.0036005809790822,0.0,-1.7812880825513404,-3.612351710368561,3.0,-3.0036005809790822,0.0,-1.441290816687467,-3.1196920166579725
0.10099267959594727,3.0001322370121017,0.0,-0.35475563315787406,1.2203923648214523,3.0,3.0001322370121017,0.0,-0.48768219499452714,1.4220145094631897
0.10099267959594727,-3.0043534718292904,0.0,-4.578711559897858,-3.0583199304673503,-3.0,-3.0043534718292904,0.0,-4.245622992894946,-3.5299226813845923
0.10099267959594727,3.0001322370121017,0.0,-4.175130167029536,3.9634863612377833,3.0,3.0001322370121017,0.0,-4.552541663743828,3.500012227439733
0.10099267959594727,-3.0043534718292904,0.0,-0.7922308623615195,1.0755269008059511,2.411816998906538,-3.0043534718292904,0.0,-0.9193271292543703,1.4483006102869935
0.10099267959594727,0.3727294380838657,-0.3029780387878418,1.1612362324043928,-2.404799946769212,-3.0,0.32683159209000223,-0.6059560775756836,1.4302008585136075,-2.9211758263947867
0.10099267959594727,0.5657525650559065,-0.23201620276432222,-0.8671642778035129,-2.3313646477851004,-3.0,0.5270213450311085,-0.534994241552164,-0.6441012827359871,-2.1032838492776027
0.10099267959594727,3.000747443125306,0.0,-3.2793566734047173,4.749637960200567,3.0,3.000747443125306,0.0,-3.7517711858335763,4.569666101241007
0.10099267959594727,3.0001322370121017,0.0,-3.3496048474925275,4.5041168972291175,1.4057441821708956,3.0001322370121017,0.0,-3.7957643235097227,4.2980595884039685
0.10099267959594727,3.000747443125306,0.0,0.700632942923265,2.3114793449243085,3.0,3.000747443125306,0.0,0.4818138651672714,2.0368693511917306
0.10099267959594727,3.000747443125306,0.0,0.4818138651672714,2.0368693511917306,3.0,3.000747443125306,0.0,0.2861804261713172,1.8522947153271114
0.10099267959594727,3.000747443125306,0.0,-2.3194547750371233,4.418050866837599,3.0,3.000747443125306,0.0,-2.7811029958814424,4.6926972712834285
0.10099267959594727,-3.0043534718292904,0.0,-0.9180367617908556,-1.444823012516047,-3.0,-3.0043534718292904,0.0,-0.7912728583789108,-1.0724134066986872
0.10099267959594727,3.000747443125306,0.0,-2.482435009044052,4.538365606044381,-3.0,3.000747443125306,0.0,-2.952789618500605,4.741056379496406
0.10099267959594727,0.19620227610068192,0.1272912244216493,-1.8095214660219807,-3.676467963377455,-3.0,0.19375847594611817,-0.1756868143661925,-1.4638843282301974,-3.1752069828528224
0.10099267959594727,-3.0036005809790822,0.0,-4.612032328644888,-3.461516236530116,3.0,-3.0036005809790822,0.0,-4.238130445022167,-3.9343708070060206
0.10099267959594727,-3.0043534718292904,0.0,-1.086234475066505,1.864463155883266,3.0,-3.0043534718292904,0.0,-1.2973647742868413,2.3231147982975555
0.10099267959594727,3.000747443125306,0.0,-2.482435009044052,4.538365606044381,3.0,3.000747443125306,0.0,-2.952789618500605,4.741056379496406
0.10099267959594727,0.938802872008182,-0.6059560775756836,0.056721154992524614,-0.346138822896029,-3.0,0.8623064620184095,-0.9089341163635254,0.1010566016511878,-0.5354131782016482
0.10099267959594727,3.000747443125306,0.0,-0.2588822169369931,1.8327138928851436,3.0,3.000747443125306,0.0,-0.4518755065830793,2.004128506016662
0.10099267959594727,-3.0043534718292904,0.0,-3.8684092139360957,-3.9213267956383353,3.0,-3.0043534718292904,0.0,-3.458481757644894,-4.16742358470683
0.10099267959594727,3.000747443125306,0.0,-0.8198181512212597,2.4795190572515096,3.0,3.000747443125306,0.0,-1.0898869292655378,2.881653101351442
0.10099267959594727,0.018586681756250733,-0.4848879237145831,0.6704859293609586,-2.131254838457383,3.0,-0.01508416696544574,-0.18190988492674132,0.8970229595186736,-2.372210857817907
0.10099267959594727,1.0152992819979545,0.3029780387878418,0.015209388959758652,0.1315421208175412,3.0,1.061197127991818,0.6059560775756836,-0.005485547645382116,0.2799982054012347
0.10099267959594727,3.000747443125306,0.0,-0.5862316394879934,2.1609935273359815,3.0,3.000747443125306,0.0,-0.8198181512212597,2.4795190572515096
0.10099267959594727,3.0001322370121017,0.0,-2.4490928097869156,4.270688195622886,3.0,3.0001322370121017,0.0,-2.893329944596332,4.494189956702436
0.10099267959594727,-3.0043534718292904,0.0,-0.9193271292543703,1.4483006102869935,3.0,-3.0043534718292904,0.0,-1.086234475066505,1.864463155883266
0.10099267959594727,-3.0043534718292904,0.0,-0.7008197947412556,0.7402679163922425,3.0,-3.0043534718292904,0.0,-0.7922308623615195,1.0755269008059511
0.10099267959594727,3.000747443125306,0.0,-4.701242143886359,3.598798483296623,-3.0,3.000747443125306,0.0,1.2432784895158453,3.112272130262367
0.10099267959594727,0.15019779191724933,-0.7878659625024249,0.13148595612858704,-1.7302158204562847,3.0,0.08592837919964379,-0.4848879237145831,0.30341741043392423,-1.6893864027886296
0.10099267959594727,3.000747443125306,0.0,-1.404079609469893,3.348723667535899,3.0,3.000747443125306,0.0,-1.7671704392135035,3.8413467329955395
0.10099267959594727,3.000747443125306,0.0,-0.07870968988892502,1.7499571864205932,3.0,3.000747443125306,0.0,-0.2588822169369931,1.8327138928851436
0.10099267959594727,-3.0036005809790822,0.0,-0.20929125068496512,-1.1846656959024837,3.0,-3.0036005809790822,0.0,-0.09388375049249342,-1.1102046623065256
0.10099267959594727,-3.0036005809790822,0.0,-3.8203844419174495,-4.316793739606952,3.0,-3.0036005809790822,0.0,-3.371817007112553,-4.53326275402221
0.10099267959594727,1.244788511967272,1.2119121551513672,-0.09559587284276594,0.6268454801728142,3.0,1.3824820499488624,1.514890193939209,-0.16945247309263012,0.8415622290673043
0.10099267959594727,-3.0043534718292904,0.0,-2.220887128822286,3.7394518890019226,3.0,-3.0043534718292904,0.0,-2.616268691152897,4.066095482397171
0.10099267959594727,-0.15631769092284586,0.12729122442164942,-4.461985999886236,-3.6870494821610027,3.0,-0.12816292708150062,0.4302692632094912,-4.0636628938776145,-4.195982855579111
0.10099267959594727,3.000747443125306,0.0,-0.44372151961461137,1.9954862903903483,3.0,3.000747443125306,0.0,-0.6575088750861906,2.2532581726611927
0.10099267959594727,3.000747443125306,0.0,0.2196348371718826,1.8076773746364987,3.0,3.000747443125306,0.0,0.041043542861829874,1.7436353936530495
0.10099267959594727,-3.0036005809790822,0.0,0.6425352766096348,-1.7735950005055094,3.0,-3.0036005809790822,0.0,0.8378460850016292,-2.106130352633372
0.10099267959594727,-3.0036005809790822,0.0,-3.8203844419174495,-4.316793739606952,-3.0,-3.0036005809790822,0.0,-3.371817007112553,-4.53326275402221
0.10099267959594727,3.000747443125306,0.0,-1.6455984908143315,3.6844191994427136,-3.0,3.000747443125306,0.0,-2.042094918249488,4.158846172471997
0.10099267959594727,-3.0043534718292904,0.0,-1.294903481823726,-2.318107443846037,-3.0,-3.0043534718292904,0.0,-1.0842594233677691,-1.8598620901724838
0.10099267959594727,0.7552114880327281,-1.2119121551513672,0.16573697615548033,-0.7505520939305812,-3.0,0.6175179500511376,-1.514890193939209,0.25384049824709676,-1.000847426490417
0.10099267959594727,-3.0036005809790822,0.0,-0.17304519915825134,-1.1558032038733779,3.0,-3.0036005809790822,0.0,-0.059677393204138784,-1.0985518082706955
0.10099267959594727,0.020845952130912337,-2.4238243103027344,0.7033557400251689,-2.0499900370790107,-3.0,-0.23924184183431407,-2.726802349090576,0.933339334985892,-2.513234307889271
0.10099267959594727,-3.0036005809790822,0.0,-4.502455533676322,-3.6115855456221326,3.0,-3.0036005809790822,0.0,-4.114188083846614,-4.064945473777966
0.10099267959594727,-3.0043534718292904,0.0,0.8500634422553692,1.2537672493676089,3.0,-3.0043534718292904,0.0,0.7415692513068817,0.9010610745507043
0.10099267959594727,3.000747443125306,0.0,1.5673173533916223,3.578838062686581,3.0,3.000747443125306,0.0,1.2306356777649863,3.093413454442135
0.10099267959594727,-3.0043534718292904,0.0,1.1839717988471627,2.0844864269185157,3.0,-3.0043534718292904,0.0,0.9959199409718837,1.6467843849352304
0.10099267959594727,-3.0043534718292904,0.0,0.6090830897228448,-0.0007785897614749245,-3.0,-3.0043534718292904,0.0,0.6235222868047647,-0.2861398531294229
0.10099267959594727,3.000747443125306,0.0,-2.952789618500605,4.741056379496406,3.0,3.000747443125306,0.0,-3.43232128398776,4.715967556042285
0.10099267959594727,-3.0036005809790822,0.0,-0.4774497340913517,-1.5120982570932404,3.0,-3.0036005809790822,0.0,-0.3351233303663652,-1.3172345102437406
0.10099267959594727,-0.41205224152178926,0.4302692632094911,0.3430949979049909,-1.0672903332668802,-3.0,-0.383897477680444,0.1272912244216493,0.4672936880811345,-1.4004578016629017
0.10099267959594727,3.000747443125306,0.0,-2.337479275714639,4.432551047958416,3.0,3.000747443125306,0.0,-2.80022964555025,4.699559262488006
0.10099267959594727,0.00828028452929953,-0.8061009725275057,-1.1490936669494087,-2.77119637571992,-3.0,-0.08842929470910682,-1.1090790113153475,-0.8872498357657368,-2.431164167632501
0.10099267959594727,3.000747443125306,0.0,-2.463975420747508,4.525995514448821,3.0,3.000747443125306,0.0,-2.9334879977520125,4.73712092467697
